"","mc_critic_score","mc_critic_num","mc_audience_score","mc_audience_num","imdb_score","imdb_reviews"
"1",59,46,6.7,211,6.7,94869
"2",78,57,8.4,694,8.3,319074
"3",47,42,8.3,1043,6.6,63232
"4",58,37,6.4,246,6.7,148784
"5",53,61,4.8,4766,6.7,327628
"6",60,59,5.4,1186,6.2,115436
"7",26,46,4.9,141,5.6,34158
"8",91,57,7.5,378,7.9,106646
"9",72,58,6.8,344,7.1,101453
"10",47,43,6.2,72,6.8,23215
"11",61,56,7.1,249,7.5,60975
"12",82,52,7.5,767,7.9,310883
"13",64,47,6.8,443,6.9,110236
"14",54,22,6.9,66,6.8,23672
"15",51,44,8,321,7.9,140794
"16",68,50,7,87,7.5,26427
"17",96,52,8.9,1233,8.6,416898
"18",22,29,4.2,68,4.8,20593
"19",90,56,7.1,474,7.5,170974
"20",33,31,3.1,37,4.4,6123
"21",41,28,4.2,94,4.2,14668
"22",62,27,6.7,27,5.9,2076
"23",48,37,6.3,148,5.8,40512
"24",35,24,4,40,3.8,6302
"25",64,17,4.7,97,5.3,14445
"26",70,9,8.7,34,8,1272
"27",64,46,6.2,130,6.8,60297
"28",68,37,6.8,58,6.8,17862
"29",29,13,4.2,35,4.6,6434
"30",58,57,7.8,552,7.9,219820
"31",39,5,7.4,13,6.1,3226
"32",81,47,8.2,529,8.1,219227
"33",71,47,6.1,67,6.8,15111
"34",44,35,5.3,123,5.7,39972
"35",41,12,5.6,27,6.5,4271
"36",49,39,4,31,4.8,4472
"37",72,30,8.1,56,7.6,11248
"38",32,51,5.5,484,2.7,33393
"39",50,45,6.3,138,6.4,35077
"40",45,36,3.9,33,5.2,7021
"41",80,50,7.2,159,7.3,42403
"42",68,45,7.5,134,7.5,40073
"43",74,43,6,88,7,14880
"44",52,24,7.2,19,6.6,3911
"45",59,60,9.1,6528,8.5,799161
"46",83,62,7.5,1522,7.7,472326
"47",46,7,5.2,56,5.7,15070
"48",51,32,6,55,6.6,30128
"49",43,40,6.2,194,6.6,68198
"50",47,28,6.1,158,6.7,46833
"51",49,25,1.8,86,3.2,7784
"52",66,41,7.2,147,6.4,14014
"53",46,23,5.2,91,5.8,20366
"54",73,38,7.6,73,7.6,36951
"55",24,16,4.2,33,4.9,7829
"56",66,46,6.7,114,6.9,31009
"57",55,38,6.5,270,6.7,110851
"58",55,31,5.3,48,6.6,16372
"59",83,51,8,386,7.6,105594
"60",NA,NA,NA,NA,NA,NA
"61",52,41,3.1,289,4.6,41421
"62",59,46,7.1,356,7.4,104239
"63",61,28,5.9,64,7,23305
"64",50,40,5.6,78,6.5,34272
"65",31,16,5.1,53,5.4,18053
"66",77,8,8.2,19,7.2,1519
"67",25,13,2.5,22,4.7,2547
"68",54,23,5.5,35,6.3,11267
"69",79,44,6.1,241,6.3,69800
"70",78,57,7.8,4697,8.4,723026
"71",55,54,6.6,1007,6.9,192059
"72",84,57,8,683,7.8,180607
"73",64,56,3.5,5036,6.9,413204
"74",69,55,7.6,1260,7.5,292506
"75",53,50,6.6,711,7,206918
"76",58,52,6.5,743,6.6,178512
"77",81,56,6.4,887,6.9,200387
"78",60,54,6.5,311,6.5,150994
"79",73,50,7.8,1000,7.5,247155
"80",71,42,8,415,7.5,93323
"81",55,26,6.2,90,6.5,43756
"82",53,48,7.5,816,6.6,125767
"83",71,53,7.6,1204,7.1,231783
"84",55,50,7,1244,7,338569
"85",51,55,5.8,218,6.3,60348
"86",43,53,6.6,541,6.7,192245
"87",48,46,7.2,822,6,120332
"88",46,40,5.9,92,6.9,41027
"89",65,51,6.7,226,6.6,49564
"90",64,42,6.6,74,7.4,32593
"91",69,49,7.3,392,7.3,114607
"92",53,49,8.6,2006,7.3,208805
"93",60,44,6.1,138,6.7,50567
"94",87,50,8.7,1506,8.4,319712
"95",38,51,4.3,336,5.6,98608
"96",53,35,6.2,155,5.9,50282
"97",55,45,6.2,194,6.8,97347
"98",39,11,4,26,4.4,3447
"99",45,33,6.1,114,6.4,67555
"100",61,33,6.4,141,6.2,49500
"101",66,54,6.7,224,6.7,71285
"102",43,52,5,656,5.8,139517
"103",54,51,4.1,753,6.3,121150
"104",63,23,4.9,76,6,18898
"105",48,26,6.1,151,6.3,74504
"106",66,39,7.1,507,6.8,125883
"107",41,28,4.7,103,5.3,33056
"108",57,42,5.7,248,5.7,73795
"109",49,29,3.4,45,5.2,18317
"110",69,52,7.9,516,8.2,324730
"111",80,56,6.1,769,6.6,165729
"112",60,33,5.5,91,5.9,58382
"113",38,49,5.2,201,5.7,64768
"114",53,39,5.3,93,5.6,33685
"115",53,27,7.8,110,7.2,34740
"116",45,22,5.5,37,5.8,8778
"117",26,31,7.6,430,6.2,68780
"118",50,14,6,29,6.7,12867
"119",60,23,6.7,53,6.4,17603
"120",49,37,4.7,29,5.4,9337
"121",46,17,6.5,42,6.2,7323
"122",58,37,7.2,178,7,96954
"123",60,31,6.1,137,6.2,54077
"124",39,25,4.7,38,5.6,11263
"125",35,28,3.7,75,5.4,40143
"126",17,5,6.9,44,6.5,3158
"127",57,39,6,128,6.2,51917
"128",59,6,7.9,189,7.9,20721
"129",67,45,6.6,221,6.8,82893
"130",48,35,6.2,163,5.8,37972
"131",64,38,6.8,177,6.8,81584
"132",57,31,6.2,145,6.2,50061
"133",61,54,6.5,269,7.2,108510
"134",72,54,6.5,475,7.1,156271
"135",49,50,7.7,1037,8,424683
"136",43,31,7.4,33,7.5,19016
"137",71,43,6.5,433,7.1,119892
"138",68,38,7.2,114,7.1,59187
"139",59,40,6.3,51,7,20848
"140",43,16,7,25,7.4,15519
"141",84,52,4.7,541,7.2,78030
"142",42,37,5.9,81,6.2,34550
"143",43,17,5.3,53,5,16245
"144",31,44,5.5,432,5.2,71810
"145",40,32,6.6,102,6.4,39936
"146",70,28,7.7,95,7.6,42505
"147",39,20,4.6,35,4.9,4823
"148",10,7,9.1,764,5.8,11877
"149",91,53,7.7,440,7.5,158577
"150",89,47,8.3,192,7.6,39812
"151",44,31,6.4,255,6.1,70645
"152",66,34,6.2,60,6,13516
"153",68,30,6.9,75,6.7,18780
"154",46,27,5.8,47,5.8,20326
"155",70,46,5.9,71,6.5,22839
"156",41,30,5,34,5.7,7146
"157",45,18,5.7,44,5.8,21048
"158",88,60,8.4,1468,7.7,309408
"159",36,17,6,15,5.8,3441
"160",87,53,7.1,139,7.1,37304
"161",91,26,8.6,76,8.3,25291
"162",35,42,3.9,55,5.4,11979
"163",30,8,4.7,80,5.4,27885
"164",71,44,6.6,78,6.9,16234
"165",54,42,6,76,6,22224
"166",49,25,6.3,25,7.1,7446
"167",62,33,7.7,164,7.6,46515
"168",24,23,2.8,93,3.8,27393
"169",60,36,7.3,94,6.8,29857
"170",51,39,6.4,45,6.5,12216
"171",37,38,4.5,91,5.3,31844
"172",40,14,6.8,100,6.6,49667
"173",69,18,7.3,17,7,1163
"174",72,33,5.8,40,6.8,12645
"175",60,47,5.4,102,6.3,35519
"176",53,52,5.5,144,5.5,42567
"177",39,11,3.6,36,6.1,14848
"178",35,4,6.4,5,6,1168
"179",55,24,6.3,36,6.5,14191
"180",54,19,5.4,73,6,44877
"181",28,4,3.8,16,4.5,1034
"182",79,40,6.7,57,6.3,8226
"183",75,41,7.5,79,7.2,29078
"184",40,41,6.9,71,6.2,11734
"185",49,22,5.5,10,6.1,3904
"186",52,25,5.6,19,5.8,4953
"187",NA,NA,NA,NA,8.1,954
"188",48,37,5.4,51,6.8,27628
"189",58,17,5.7,7,7.1,2672
"190",51,32,6.1,126,6.3,44057
"191",19,15,4.5,71,5.5,27686
"192",55,31,5.6,62,5.5,16026
"193",66,45,6.9,211,7.1,96672
"194",52,48,5.7,655,6.6,203134
"195",57,28,7.4,95,7.3,72480
"196",40,38,5.9,50,6.2,16890
"197",50,5,5.4,24,5.6,9583
"198",46,13,5.8,5,5.3,921
"199",NA,NA,NA,NA,8.8,969
"200",44,33,6.1,243,6.1,94897
"201",NA,NA,NA,NA,5.6,447
"202",83,56,7.3,515,7.5,192085
"203",84,57,6.9,248,6.9,80467
"204",74,50,6.8,264,6.9,126627
"205",56,24,8.3,338,6.8,174860
"206",57,24,5.1,21,6.1,6847
"207",58,25,6.8,35,6.4,13803
"208",39,38,4.7,84,5.5,26132
"209",60,25,6.7,71,6.6,30743
"210",37,10,4.5,44,5.2,16402
"211",35,46,6.3,1452,6.7,333231
"212",NA,NA,NA,NA,NA,NA
"213",32,28,3.7,153,5.3,58821
"214",NA,NA,NA,NA,NA,NA
"215",81,18,7.6,45,7,10699
"216",66,51,7.7,1127,7.7,451770
"217",80,49,6.9,87,6.7,37303
"218",62,45,7,95,7.3,45739
"219",81,44,7,115,7.4,25944
"220",42,12,6.3,31,6.2,6075
"221",43,30,4.9,47,5.6,31100
"222",75,32,7.2,53,6.7,14769
"223",69,48,7.2,98,6.9,27757
"224",84,56,7.4,556,7.3,153142
"225",57,38,5.7,105,6,41303
"226",NA,NA,NA,NA,NA,NA
"227",67,51,6.8,446,6.6,109231
"228",53,6,NA,NA,5.7,1017
"229",58,14,7.4,13,6.8,1759
"230",88,55,6.3,3148,7.3,582838
"231",68,54,8.7,3686,8.5,777320
"232",80,51,7.9,856,7.6,234120
"233",51,59,5.6,648,6.2,248916
"234",66,51,7.7,1127,7.7,451770
"235",58,44,6.7,560,6.9,301741
"236",86,60,8.2,808,7.7,273259
"237",70,56,7.1,729,7.1,287989
"238",62,54,6.1,1669,6.9,271353
"239",82,55,7.4,1085,7.5,381874
"240",54,23,6.1,137,6.3,51876
"241",46,46,5.5,280,5.7,136270
"242",61,50,5.2,429,6.2,170323
"243",64,55,7.3,1075,7.5,344001
"244",48,43,7.5,515,7.6,220956
"245",60,46,6.6,146,6.7,72570
"246",46,32,5.4,270,5.3,109113
"247",51,26,6.5,91,6.6,33191
"248",84,56,4.3,8802,7,539958
"249",50,43,6.6,160,6.7,119204
"250",45,46,5.7,272,6.1,134078
"251",53,52,2.8,224,4.2,39040
"252",31,43,3.5,141,4.5,51532
"253",60,43,7.4,207,7.3,64256
"254",30,8,7.9,58,7.3,13322
"255",83,51,7,411,7.2,126266
"256",54,39,4.6,130,5.2,50195
"257",66,41,7.2,324,6.9,191577
"258",53,37,4.9,59,6.1,23347
"259",51,43,5.3,190,5.8,97401
"260",49,23,5.5,126,5.7,49113
"261",69,46,6.3,142,6.2,66723
"262",44,45,4.8,336,5.6,100818
"263",48,52,6.3,615,6.3,182246
"264",50,38,6.5,223,6.2,104555
"265",56,35,6.4,158,6.5,104825
"266",67,41,6.9,209,6.8,113755
"267",46,32,4.9,63,5.6,31030
"268",48,49,4.3,435,5.4,110247
"269",42,27,4.9,62,6,31866
"270",61,50,7,246,7.1,115710
"271",48,45,3.7,104,5.5,45720
"272",87,53,7,971,7.3,350870
"273",53,51,5.4,331,6.6,156178
"274",42,24,4,30,5.4,12783
"275",53,20,4.5,43,5.6,15913
"276",54,43,6.3,117,6.5,62449
"277",49,24,6.3,105,7,85699
"278",87,49,7.2,852,7.3,209788
"279",32,14,3.6,34,5.8,7405
"280",36,14,4.4,49,5.2,9522
"281",57,27,6.1,28,5.7,11438
"282",40,35,5.8,109,5.8,52428
"283",35,33,4.1,130,5.2,42652
"284",88,38,8.2,274,7.8,56384
"285",72,38,8.1,294,7.6,91812
"286",75,50,7.3,315,7.4,161343
"287",56,44,6.3,169,6.3,97778
"288",45,36,4.9,97,5.2,27060
"289",38,36,5.3,103,6.1,60723
"290",63,26,6.6,120,6.7,50303
"291",29,26,5.9,91,6.5,47437
"292",31,32,7,196,6.4,59676
"293",52,43,5.8,115,6,63183
"294",79,51,7.1,900,6.9,264732
"295",82,55,8,469,7.9,128880
"296",39,11,3.3,14,4.8,5706
"297",56,31,6.2,75,6.6,42036
"298",58,20,6.7,100,6.7,45410
"299",41,29,6.7,83,6,22822
"300",30,15,2.3,125,3.2,24333
"301",88,50,7.8,927,8.2,400217
"302",81,48,8.3,834,8.4,340232
"303",69,25,6.4,123,6.8,15280
"304",65,41,7.2,173,7.2,64607
"305",77,47,7.8,371,7.5,168657
"306",71,34,7.8,289,7.6,125583
"307",28,18,4.3,72,5.4,27906
"308",48,25,5.7,73,5.2,25082
"309",59,35,6.4,53,6.4,23200
"310",71,46,7.5,216,7.4,128886
"311",85,41,8.5,116,8.4,21168
"312",60,28,6.9,244,6.6,77136
"313",35,23,4.4,33,4.9,8264
"314",27,48,4.5,101,5.4,22537
"315",90,51,7.7,482,7.5,103144
"316",52,30,5.5,27,5.1,5773
"317",31,14,1.4,31,3.7,3943
"318",60,43,7.2,269,7.1,119497
"319",58,33,6.7,60,6.6,28307
"320",52,11,7.5,28,6.6,6815
"321",94,50,7.6,891,7.4,219273
"322",80,51,7,214,6.9,54726
"323",67,33,7.3,62,6.5,11142
"324",36,18,6.3,25,6.7,13309
"325",43,28,6.3,74,6.6,47662
"326",43,42,4.8,93,6.1,37475
"327",89,49,7.9,269,7.4,56747
"328",93,53,8,1021,7.9,192233
"329",39,28,5.5,80,5.7,26490
"330",72,47,6.4,169,6.8,69375
"331",67,33,7.8,331,7.5,137613
"332",26,11,7.9,63,5.5,12377
"333",66,33,7.7,214,8,129952
"334",44,13,8,12,6.5,4184
"335",38,14,4.7,26,6.6,20749
"336",75,52,7.4,159,7,49071
"337",37,10,4.3,24,6,17720
"338",53,26,4.6,59,5.9,19781
"339",68,39,6.2,87,6.1,18180
"340",63,45,6.2,117,6.4,37453
"341",66,45,7.5,104,7.4,40910
"342",63,48,5.4,199,5.7,92775
"343",47,19,5.6,8,6.2,3729
"344",58,36,5.6,85,6.1,39629
"345",29,7,5.5,28,5.3,9158
"346",69,46,4.7,96,6.9,15798
"347",39,7,4.4,10,5.8,2116
"348",35,12,4.4,41,5.1,17739
"349",52,12,6.1,29,6.4,16895
"350",1,8,4.3,277,4.6,6143
"351",33,9,4.1,34,4.5,3153
"352",35,20,4.9,30,5.8,12520
"353",36,19,4.1,29,5.1,9078
"354",69,31,6.3,54,6.4,17605
"355",46,33,5.5,57,6.1,24861
"356",17,6,3,21,4.4,3998
"357",22,17,4.7,27,5.5,16832
"358",NA,NA,NA,NA,8.8,2387
"359",21,39,5.3,39,6.8,14844
"360",74,51,7.8,2017,7.9,552815
"361",NA,NA,NA,NA,6.7,4148
"362",45,52,6.4,2185,6.4,363649
"363",42,20,6.3,43,6.4,16879
"364",49,29,5.8,40,5.8,12825
"365",76,44,7.6,363,7.4,128439
"366",78,44,7.4,113,7,47912
"367",31,6,7.3,10,5.5,815
"368",30,26,5.6,109,6,58031
"369",52,46,6.4,389,6.5,198865
"370",56,28,6.3,41,5.9,13056
"371",61,44,6,35,6.1,10084
"372",40,11,3.7,10,5.1,1021
"373",NA,NA,NA,NA,5.6,349
"374",42,12,6.3,31,6.2,6075
"375",94,26,8.8,1153,8.9,1167192
"376",66,34,6.5,59,7.2,16979
"377",81,54,8.3,2183,8,431193
"378",85,48,7.4,1381,7.7,461009
"379",NA,NA,NA,NA,4.7,189
"380",16,12,4.1,23,4.3,4779
"381",42,30,4.7,82,5.6,39334
"382",NA,NA,NA,NA,7.6,21
"383",72,35,7.4,116,7.6,53373
"384",21,22,4,202,5.3,89150
"385",58,41,6.3,81,6.4,29397
"386",60,32,6.6,29,7,11410
"387",21,10,3.6,23,4.5,5857
"388",47,7,6.7,12,6.6,5726
"389",NA,NA,NA,NA,4.7,2372
"390",58,35,5.9,67,6.8,30002
"391",44,44,6.4,513,6.7,256957
"392",65,47,6.7,704,7.1,259824
"393",76,50,7.6,2621,7.4,528176
"394",67,48,7.7,1803,7.6,540504
"395",73,51,7.6,2059,7.4,485354
"396",69,49,7.8,1284,7.3,434646
"397",49,37,5.7,248,6.3,106328
"398",77,51,8.4,2409,8.1,616862
"399",56,45,6.9,694,6.7,196357
"400",94,53,8.3,2906,7.9,518533
"401",75,48,7.6,583,7.3,126403
"402",50,32,5.2,237,6.3,103361
"403",39,45,6.3,800,6.6,249879
"404",62,49,6.6,735,6.6,258403
"405",74,47,7.5,377,7.8,189097
"406",59,41,7,327,6.7,69469
"407",82,50,8,755,7.4,218475
"408",62,48,7,808,7.3,401957
"409",27,47,4.1,538,5.2,130132
"410",65,51,7.6,3310,7.8,531446
"411",94,54,8.4,2130,8,478709
"412",59,37,6.2,241,7.1,127409
"413",71,35,5.6,103,6.2,32613
"414",33,39,3,250,4.6,87932
"415",86,53,7.8,1242,7.6,412083
"416",62,29,6.7,275,6.5,105799
"417",75,43,8,1044,7.5,344482
"418",12,26,2.1,783,3.3,53093
"419",44,30,6.8,491,5.9,99014
"420",34,44,4.7,492,5.4,166804
"421",47,42,6.5,298,6.9,177997
"422",65,52,5.8,1252,6.4,244523
"423",69,25,6.8,156,6.2,23955
"424",43,32,6.2,131,7.2,62304
"425",55,33,5.3,111,6,21360
"426",37,47,4.7,281,5.5,153440
"427",32,18,5.6,60,6.3,28948
"428",58,26,6.8,284,6.5,107485
"429",63,50,6.6,409,6.7,167252
"430",65,50,6.9,256,7.2,150449
"431",34,46,4.4,371,5.6,121086
"432",17,10,2.2,39,3.8,3872
"433",69,45,7.8,310,8,202478
"434",45,41,3.1,111,4.5,32089
"435",42,40,5.7,257,5.9,120507
"436",40,25,5.7,67,6,17398
"437",50,31,6.1,86,6.6,73350
"438",38,22,4.3,66,5.8,20205
"439",42,25,4.8,265,5.2,82750
"440",41,48,6.7,700,7,335049
"441",52,24,5.3,124,5.6,45995
"442",86,47,7,376,7.5,114996
"443",81,44,7.8,733,7.6,253465
"444",52,42,6.8,983,6.3,189353
"445",51,45,6.4,601,6.5,154931
"446",41,45,7.2,592,6.7,183709
"447",39,18,6,192,5.8,64631
"448",45,30,5.8,124,6.2,65976
"449",55,23,7.1,175,7,93427
"450",52,26,5.2,47,6.4,30773
"451",73,44,7.8,347,7.7,190438
"452",41,23,5.5,62,5.6,14717
"453",37,28,5.1,60,5.6,38214
"454",54,11,5.3,37,5.9,13350
"455",79,48,7.3,243,7.2,93893
"456",69,42,7.1,155,7.4,83920
"457",44,26,4.9,48,5.9,32262
"458",23,17,5.4,151,5.8,67129
"459",48,37,5.1,101,6.4,63108
"460",54,44,6.4,516,6.6,198324
"461",39,30,6.8,190,6.2,97088
"462",36,19,4.3,29,5.4,5522
"463",25,23,4.1,106,4.5,36480
"464",78,51,6.9,311,7,120693
"465",41,29,5.4,37,5.8,26117
"466",49,19,5.1,373,5.5,80766
"467",30,22,4.5,67,5.6,38721
"468",60,33,7.5,144,7.6,93311
"469",37,22,3.1,79,4.2,20398
"470",51,40,4.6,101,5.2,44546
"471",39,13,7.2,119,6.1,5700
"472",48,18,6,26,6.8,18608
"473",34,15,4.5,45,5.6,28502
"474",39,16,3.5,55,4.3,6506
"475",96,52,8.2,902,7.8,234175
"476",43,32,4.9,187,5.3,79832
"477",28,26,4.8,75,6,40801
"478",36,38,6.1,968,5.7,178536
"479",75,51,6.9,867,6.6,180711
"480",57,36,7.2,73,7,36202
"481",56,40,6,64,7.1,27359
"482",27,20,3.9,90,5.2,39310
"483",77,49,6.6,188,7.3,45067
"484",99,53,7.2,1564,7.4,256907
"485",50,6,7.6,33,6.2,7347
"486",32,24,7.1,107,5,17111
"487",78,43,6.2,344,6.2,78759
"488",57,14,6.1,17,7.2,3342
"489",66,25,6.7,43,7.1,20808
"490",66,47,7.4,172,7.2,112586
"491",73,46,6.3,143,6.7,47619
"492",58,31,6.4,79,6.4,43291
"493",45,27,3.8,30,5.1,13052
"494",66,50,7.3,1153,7.3,392923
"495",77,45,6.2,182,6.3,49001
"496",49,43,7.9,186,6.4,50336
"497",44,21,5.1,86,6.1,41703
"498",68,34,6.4,44,6.5,11421
"499",48,16,6.9,27,5.9,4354
"500",81,52,8.1,1755,7.9,565506
"501",78,44,7,234,6.6,74448
"502",49,30,7.1,160,6,166559
"503",47,40,7.5,258,6.4,80143
"504",33,32,5,74,6.4,45875
"505",49,40,6.4,72,6.7,54567
"506",68,36,5.5,48,6,8656
"507",35,13,4.5,27,5.5,6889
"508",79,48,7.6,319,7.2,95298
"509",23,40,4,120,5.1,55392
"510",23,40,6.2,176,6.8,87385
"511",63,7,5.7,15,6.1,1455
"512",42,49,4.4,116,5.7,37960
"513",83,40,7.3,137,7.3,37351
"514",42,35,5,97,5.8,65606
"515",31,31,4.6,56,6.6,22644
"516",76,41,7.4,96,6.9,38320
"517",31,18,4.6,44,5.3,23421
"518",76,40,7.8,228,7.5,77408
"519",40,29,5.8,30,5.8,24759
"520",33,5,4.4,21,5.3,5278
"521",55,32,6.7,169,6.5,68806
"522",90,10,7.8,190,7.6,177533
"523",71,39,7.2,92,6.6,33360
"524",72,49,8.1,1813,7.5,569380
"525",71,47,8.3,750,8.1,409193
"526",NA,NA,NA,NA,5.8,939
"527",54,19,7.7,17,6.4,5341
"528",38,21,4.4,38,6.2,17292
"529",NA,NA,NA,NA,3.9,16129
"530",36,5,5.5,14,6.1,1675
"531",33,10,8.4,98,5.7,14428
"532",80,41,7.6,224,7.4,74757
"533",63,39,6.5,139,6.4,39690
"534",40,37,5.2,18,5.7,6494
"535",68,38,6.3,69,7.1,21510
"536",NA,NA,NA,NA,5.4,967
"537",NA,NA,NA,NA,7.4,5574
"538",NA,NA,NA,NA,NA,NA
"539",60,44,6.7,243,7.1,135839
"540",67,45,7.7,472,7.5,225221
"541",51,45,7.3,418,7.3,250105
"542",57,43,6.7,318,6.7,150022
"543",56,31,6.3,118,6.8,54062
"544",55,27,5.1,14,6.1,5678
"545",47,43,5.6,187,6.1,131958
"546",42,47,5.5,185,6.2,151381
"547",NA,NA,NA,NA,4.3,3863
"548",74,46,7.6,372,7.4,225017
"549",38,36,5.3,61,5.6,21903
"550",77,38,7.7,212,7.3,97602
"551",73,40,6.5,59,7.4,14438
"552",64,41,6.9,128,7.5,60157
"553",54,50,6.5,314,6.9,178906
"554",25,14,3.7,35,4.8,12123
"555",NA,NA,NA,NA,4,876
"556",NA,NA,NA,NA,5.1,373
"557",77,48,7.3,800,7.3,230083
"558",75,53,8.3,3618,7.8,635019
"559",61,39,6.2,380,6.5,177140
"560",77,49,7.5,756,7.4,252393
"561",65,49,8.1,3242,8,872839
"562",78,43,8.7,1550,8,414661
"563",44,51,6.9,6483,6.5,605812
"564",40,53,6,3480,6,579118
"565",80,55,6.8,7422,7.9,838496
"566",76,50,8,1707,8,674958
"567",58,50,6.4,480,6.6,201649
"568",68,50,6.7,890,7.1,220642
"569",52,48,6.5,1367,6.9,380251
"570",66,34,7.4,389,7.1,127465
"571",60,52,2.8,1992,5.2,197727
"572",52,35,6.5,246,6.3,152155
"573",44,41,6.1,345,6.2,158826
"574",60,34,5.3,198,6.2,109525
"575",43,27,6.3,352,6.3,77047
"576",32,40,4.6,596,5.2,161933
"577",65,38,7.7,606,7.3,214364
"578",66,39,5.6,628,6.1,169697
"579",32,29,4.5,94,5.9,51749
"580",71,39,7.6,564,7.1,207834
"581",42,30,7.9,331,6.2,104120
"582",40,30,5.7,343,6,81691
"583",55,31,6,213,6,86520
"584",34,42,5.9,327,6.2,87795
"585",71,42,6.7,174,6.7,52279
"586",48,49,6,241,6.5,162607
"587",30,14,4.7,40,4.6,7398
"588",76,43,7.7,936,7.2,279328
"589",58,34,7,312,6.3,109729
"590",33,33,4.3,277,5.7,103812
"591",46,33,6.3,329,6.5,236623
"592",34,27,4.3,191,5.7,53780
"593",40,39,4.5,105,5.4,41610
"594",28,35,5.2,231,5.9,139191
"595",44,20,5.9,48,7.1,19907
"596",68,52,7.3,278,7.1,144321
"597",37,32,5.3,76,6,27406
"598",51,36,6.7,232,7.4,195703
"599",66,47,6,242,6.4,74358
"600",58,39,5.4,216,5.7,109833
"601",59,35,6.3,279,6.3,115398
"602",67,30,5.6,73,5.9,13937
"603",48,36,6.9,289,7.3,112770
"604",35,41,5.2,193,6.1,94385
"605",84,38,8.1,520,7.8,113451
"606",32,40,8.2,2982,6.8,236210
"607",51,32,6,98,6.1,78654
"608",81,45,8.2,699,7.8,341652
"609",51,32,6.7,169,6,79740
"610",57,41,7.4,276,7.1,168954
"611",55,44,6.6,185,6.5,91546
"612",68,51,7.5,1561,7.8,490009
"613",58,33,6.7,228,6.5,110769
"614",58,36,6.3,142,6,61339
"615",51,28,7,82,6.3,24254
"616",70,51,7.6,617,7.4,264098
"617",42,10,7,251,6,75721
"618",21,27,4,237,5.9,109034
"619",65,26,7.1,164,6.1,51304
"620",33,30,5.2,321,5.2,96305
"621",18,30,2.6,91,5.7,31472
"622",25,25,4.5,369,5.4,101621
"623",72,50,6,479,6.3,119521
"624",33,21,3.8,107,5,15946
"625",28,9,2.7,18,5.1,5429
"626",34,42,4.1,201,4.7,62932
"627",56,48,6.5,277,6.6,124166
"628",58,39,6.6,120,6.8,59642
"629",71,41,7,149,6.8,48781
"630",88,47,8.1,682,7.6,194141
"631",34,30,6.8,194,4.8,38731
"632",38,34,5.1,146,5.7,40311
"633",83,46,7.3,871,6.9,183601
"634",59,42,6.5,99,6.5,65302
"635",60,22,4.6,36,5.9,8690
"636",57,44,6.4,90,6.6,48269
"637",58,43,7.1,215,7.3,129605
"638",38,15,5.3,121,5.7,73172
"639",53,38,7.1,118,6.9,48934
"640",47,41,4.7,178,5,39645
"641",22,8,2.1,151,4.3,11052
"642",63,35,6.3,151,6.2,44254
"643",51,13,6.1,28,6.1,7254
"644",11,16,2.8,121,5.3,20136
"645",56,35,6.6,71,7.1,33306
"646",93,45,8.1,925,8.1,399031
"647",88,45,8,419,7.5,125910
"648",26,23,4.5,42,6.6,33107
"649",73,39,7.1,178,7.3,76376
"650",47,29,6.2,114,5.8,48563
"651",55,39,6.2,145,7.1,83053
"652",21,18,1.3,138,3.4,8432
"653",69,50,5.5,112,6.4,19443
"654",54,34,7.2,145,7.4,81675
"655",66,38,7.3,107,7,65588
"656",34,31,6.8,117,5.9,55356
"657",36,27,7.6,189,6.3,56637
"658",63,25,7.2,72,6.6,18273
"659",87,36,6.9,110,6.4,22326
"660",34,21,4,137,5.3,56624
"661",2,17,4.8,307,5.3,6555
"662",52,41,6.3,130,6.3,63514
"663",60,44,6.9,98,7.2,49901
"664",66,37,6.7,367,6.7,97919
"665",65,45,6.6,710,6.5,272874
"666",28,11,2.3,114,3.5,18819
"667",64,37,6.6,140,6.6,67838
"668",45,34,5.5,122,5.8,49478
"669",27,10,2.4,57,4.4,13526
"670",82,42,8,708,7.6,239156
"671",70,30,7,49,6.7,24853
"672",86,43,8.3,674,8.1,349512
"673",41,8,5,8,4.9,3268
"674",68,43,7.7,204,6.7,51658
"675",51,30,7.8,534,6.7,83372
"676",26,4,7.3,600,4.8,35391
"677",94,45,7.9,640,7.2,109713
"678",29,19,6.5,320,5.6,9539
"679",36,17,3.8,25,5.4,5461
"680",44,34,6.1,187,6.2,88232
"681",66,41,6.9,247,7.1,157404
"682",33,9,5.4,24,5.6,3065
"683",74,43,5.6,40,6.3,7484
"684",62,34,6.7,46,6.8,23936
"685",30,9,4.9,38,5.2,11085
"686",54,31,6,38,6.6,14223
"687",64,36,7.3,283,7,100866
"688",63,34,6.2,41,6.7,18399
"689",48,33,5.7,73,5.8,37849
"690",22,7,2.9,74,4.6,17746
"691",60,40,5.4,30,5.7,9043
"692",79,42,7.2,302,7,101254
"693",80,46,8,1834,8,730762
"694",60,48,6.8,1185,6.8,372476
"695",31,7,2.7,31,3.9,8815
"696",43,6,4.8,11,6.4,817
"697",49,42,7.2,139,7,85014
"698",47,47,6.8,206,6.9,116084
"699",67,31,8,217,7.1,40950
"700",81,48,7.6,590,7.6,277422
"701",53,42,5.9,67,6.2,20429
"702",47,35,5,28,5.7,6059
"703",49,17,5.2,65,5.9,20201
"704",51,45,6.3,299,6.2,79720
"705",NA,NA,NA,NA,NA,NA
"706",44,24,7,232,6.7,101767
"707",60,33,7.3,143,7.5,73105
"708",60,29,6.7,183,6.3,77567
"709",NA,NA,NA,NA,7.2,977
"710",NA,NA,NA,NA,NA,NA
"711",44,31,6.4,41,6.1,9532
"712",NA,NA,NA,NA,5.1,556
"713",31,26,4.9,43,5.8,19504
"714",51,36,6.7,252,7.1,208335
"715",55,31,6.2,42,6.9,34393
"716",58,31,6.3,126,6.4,62736
"717",82,48,8.1,1062,7.6,354640
"718",45,28,5.5,52,6.3,41081
"719",43,29,6.2,393,6.3,213464
"720",77,37,7,63,6.7,14239
"721",42,28,6,101,6.6,102308
"722",36,35,5.2,209,5.7,58433
"723",66,35,7,61,6.8,18039
"724",25,11,2.2,9,6.1,916
"725",57,4,6.3,18,6.5,6424
"726",59,49,6.8,2078,7,564123
"727",66,49,7,2722,7.3,714058
"728",94,55,8.7,2073,8.1,583132
"729",67,50,6.8,1023,7.2,350227
"730",72,48,6.7,1045,7.3,424154
"731",56,35,5.6,489,6.4,205516
"732",67,47,7.5,426,6.9,153553
"733",75,46,7.9,875,7.4,330546
"734",63,39,6,323,6.4,137815
"735",64,44,8.1,1933,7.3,545933
"736",55,31,7.1,297,6.6,89407
"737",46,46,2.9,1132,4.1,290610
"738",62,27,6.6,315,6,46739
"739",72,41,7.6,445,7.9,173962
"740",43,42,5.6,435,6,204642
"741",90,51,8.6,4016,8.1,842496
"742",42,40,5.5,394,6.2,210614
"743",60,50,8,1632,7.7,573535
"744",75,40,4.9,804,7,223836
"745",75,45,5.6,412,6.2,126526
"746",60,47,6.5,515,6.4,167986
"747",34,43,4.3,215,6,117814
"748",38,41,5.9,1304,6.4,252158
"749",26,30,4.6,321,6,173936
"750",48,38,6.2,363,6.3,177842
"751",27,37,5.1,561,5.5,127206
"752",77,38,7.9,287,7.2,93344
"753",73,49,8.1,830,8,658603
"754",13,16,2.5,282,4.4,33027
"755",26,11,5.5,73,6.5,12769
"756",60,41,5.6,114,5.6,50681
"757",59,46,7,1238,7.4,459761
"758",55,34,6.2,351,6.2,108969
"759",35,27,3.2,186,6.6,69316
"760",69,41,6,408,5.9,128610
"761",68,43,7.6,460,6.9,163082
"762",34,33,6.3,224,6.1,94344
"763",36,13,6.4,60,5.6,9505
"764",27,40,2.6,925,4.3,146746
"765",56,42,6.2,271,6.6,208350
"766",59,48,6.5,301,7.2,140314
"767",57,42,7.8,397,7.4,210780
"768",52,26,6.6,226,6.1,89390
"769",81,52,7.2,429,7.5,81376
"770",47,27,3.6,253,4.9,53748
"771",40,40,4.4,693,5.3,174076
"772",56,40,7.5,559,7.3,258160
"773",60,32,7.3,80,7.4,34013
"774",47,33,6,157,6.2,101413
"775",77,31,8.4,534,7,132598
"776",64,39,7,354,7.1,190746
"777",47,25,6.1,43,6.7,25145
"778",51,32,7.2,188,7.2,148463
"779",33,30,5.1,76,7.1,74144
"780",30,33,5.3,108,4.7,36888
"781",31,36,4.1,131,5.1,46993
"782",56,28,6.7,113,6.5,79937
"783",51,31,7.1,105,7.3,51717
"784",51,36,6,63,6.6,30404
"785",59,30,5.3,273,5.5,65780
"786",38,40,5.2,159,6.6,74362
"787",56,34,6.3,174,6.3,92436
"788",41,39,7.2,838,6.8,223609
"789",66,37,7.6,553,6.5,125443
"790",51,30,5.7,47,6.3,23583
"791",33,38,5.1,130,5.3,32966
"792",32,17,5.9,165,5.3,46017
"793",34,22,6.5,256,6,91835
"794",38,33,6.3,158,6.8,74969
"795",54,36,6.4,83,5.9,21884
"796",42,23,4.3,80,4.8,25872
"797",59,34,8,312,6.6,98857
"798",31,29,4.8,101,5.2,39864
"799",78,42,8,1305,7.7,455377
"800",64,46,6.3,952,6.6,399832
"801",30,22,6.2,145,4.2,18762
"802",28,27,4.2,295,5.7,83615
"803",47,25,5.4,157,6.4,74244
"804",45,30,7.4,36,6.6,11340
"805",40,36,4.3,130,5.4,59695
"806",81,30,8.5,235,7.3,35777
"807",72,41,7.9,236,7.5,123156
"808",30,13,3.8,99,4.6,23940
"809",76,47,7.2,229,7.1,116126
"810",87,58,8.2,1754,7.7,558571
"811",74,38,8,883,7.8,396056
"812",82,45,7.1,475,7.2,148045
"813",67,35,7.5,147,6.9,60099
"814",72,37,7.5,161,7.2,79153
"815",30,32,4.1,167,5.5,69207
"816",72,21,7.4,18,7.3,3601
"817",32,24,4.8,102,5.2,37989
"818",55,40,5.4,107,6,63332
"819",83,37,7.7,1162,6.8,199596
"820",50,31,6.2,204,6.1,81690
"821",22,6,4.7,37,6.1,6895
"822",72,47,7.8,530,7.7,385369
"823",80,40,8.1,137,7.4,34628
"824",25,20,5.2,70,5.8,9795
"825",29,31,3.6,110,5.1,35961
"826",34,30,8.7,388,6.5,86471
"827",71,40,7.4,63,7.1,43301
"828",39,41,4.5,78,5.8,37880
"829",32,26,4.2,57,5.4,31025
"830",70,41,7.4,234,7.3,116031
"831",53,31,6.6,196,6.7,76456
"832",52,43,4.8,387,6,156320
"833",NA,NA,NA,NA,5.8,883
"834",74,46,8.5,4311,8.6,1419491
"835",62,40,7.3,207,7,82426
"836",NA,NA,NA,NA,7.3,19660
"837",51,37,5.4,131,5.4,50715
"838",27,21,3.4,215,5.5,64780
"839",77,44,6.5,109,6.3,45009
"840",38,19,4.6,105,5.3,36720
"841",53,35,6.5,45,6.1,19917
"842",81,43,7.3,406,6.7,90816
"843",74,40,8.1,199,7.7,119136
"844",30,24,6.3,58,7.4,21743
"845",24,11,3.4,115,6.3,50117
"846",36,28,5.5,125,6,50510
"847",79,44,7,204,7,64068
"848",58,31,6.7,67,7,29181
"849",81,49,7.1,397,7,131114
"850",28,9,2.8,12,4.8,3298
"851",50,40,6,74,6.3,60213
"852",81,37,6.9,155,6.4,25357
"853",53,43,6.7,107,6.6,56054
"854",32,17,6.3,113,6.3,43219
"855",46,32,5.1,85,6.2,34685
"856",29,35,3.7,34,5.5,10303
"857",40,36,6,211,6.3,153142
"858",36,19,5,13,5.4,6307
"859",65,29,7.4,99,7,38001
"860",34,16,6.8,13,7.2,5645
"861",42,16,2.8,60,4.1,7130
"862",87,26,9,741,8.5,1005812
"863",79,49,8.2,1434,8.1,820153
"864",87,35,6.5,123,6.9,28593
"865",76,31,7.8,87,7.1,28881
"866",54,28,5.9,101,6.2,39436
"867",36,36,5.6,334,5.6,125147
"868",100,50,7.6,2366,7.9,327995
"869",64,40,7.5,214,7.2,93313
"870",67,27,7.3,170,7.3,62593
"871",NA,NA,NA,NA,5,10412
"872",64,47,7.3,746,7.6,409557
"873",76,45,8.6,1214,7.8,440607
"874",61,37,6.9,150,6.8,53019
"875",57,34,6.8,627,6.8,405005
"876",76,53,8.5,3182,8,1013627
"877",88,48,8.5,1314,8.1,677923
"878",68,40,8.1,1384,7.4,510652
"879",57,41,6.9,408,7.2,320662
"880",48,39,7.1,263,7.4,171116
"881",73,25,6.6,54,6.9,14783
"882",24,16,5.2,81,4.6,22519
"883",29,26,5.3,67,6.7,63665
"884",NA,NA,NA,NA,NA,NA
"885",70,48,8.5,2310,7.7,711167
"886",83,43,8.3,1399,7.7,316891
"887",32,38,4.4,1072,5.6,292714
"888",56,44,6.8,708,7,332568
"889",75,44,8.3,2159,8,645368
"890",79,48,8.2,1271,7.6,403702
"891",53,50,6.4,1618,6.6,406025
"892",62,48,6.8,1661,6.4,367284
"893",71,46,8,827,7,335903
"894",31,33,5.1,630,5.8,197270
"895",76,44,8.4,719,7.8,295276
"896",48,38,6,643,6.7,415011
"897",68,45,6.3,452,6.3,278096
"898",75,48,7.5,1390,7.4,555066
"899",41,34,5.6,173,6.2,99319
"900",49,34,6.1,184,6.3,76836
"901",61,45,7,1095,6.4,428454
"902",60,44,7.5,384,7.5,259019
"903",69,45,7.4,476,7.7,332701
"904",59,34,6.6,204,6.8,60198
"905",48,34,6,604,6.2,274384
"906",68,46,5.4,788,5.8,238087
"907",71,43,8.6,1740,7.9,578849
"908",56,41,7,400,6.9,244527
"909",47,27,4.5,102,5.8,25222
"910",39,36,3,170,4.9,46415
"911",37,27,5,385,5.4,134893
"912",39,35,5.3,166,6,127902
"913",90,47,7.3,1323,7.2,436638
"914",30,23,6.4,179,6.4,125171
"915",52,43,5.4,234,6.1,121729
"916",75,47,6.8,2116,8.2,1118836
"917",47,25,6.3,321,6,142493
"918",50,32,6.4,318,6.4,133014
"919",38,30,4.1,34,5.8,19352
"920",37,28,4.4,100,5.7,25752
"921",16,6,3.4,387,4.7,39469
"922",37,25,4.1,122,5.7,18101
"923",48,29,4.8,55,6,16103
"924",52,41,6.2,669,6.1,212198
"925",66,44,7.8,1708,7.8,586450
"926",40,30,6.4,429,6.3,172541
"927",55,36,7,105,7.3,73972
"928",26,17,4.4,68,5.6,17399
"929",61,37,6.3,148,6.4,30538
"930",38,22,7.8,504,4.5,46346
"931",57,36,5.9,229,6.2,119489
"932",46,36,5.8,148,6.7,112810
"933",62,30,6,61,6.1,22067
"934",44,32,5.2,184,5.8,63079
"935",54,44,6.7,96,6.8,31973
"936",31,33,5.3,243,6.5,113781
"937",47,33,6.2,230,6.5,109348
"938",39,38,6.5,498,6.4,159940
"939",44,43,5.2,348,6.1,167186
"940",58,27,5.3,34,6.4,8060
"941",35,36,5.8,340,6.1,164304
"942",65,46,7.6,306,7.5,147576
"943",53,31,5,76,5.8,18046
"944",36,36,3,214,5.1,104965
"945",58,45,7.1,213,7.2,82537
"946",56,38,7.1,77,7,42463
"947",61,40,6.3,435,6.3,163882
"948",44,39,6.6,89,6.6,69432
"949",42,19,5,194,5,38788
"950",68,36,7.7,314,7.3,187212
"951",71,44,7,76,6.9,19959
"952",40,30,5.7,123,6.2,85033
"953",40,32,6,124,6.2,68086
"954",41,24,6.9,35,6.7,14975
"955",76,49,7.9,1460,7.5,597899
"956",54,33,6.7,75,6.8,51672
"957",61,28,3.4,608,6.5,113016
"958",54,39,7.5,575,7.3,285902
"959",57,36,6.4,182,6.5,109744
"960",36,33,5.5,112,6.1,95672
"961",38,32,5.6,92,6.3,61636
"962",90,47,8.6,1638,8,514307
"963",30,32,4.3,51,6.3,39488
"964",39,33,5.2,214,5.5,104229
"965",42,45,6.1,398,6.3,211929
"966",38,23,6.3,173,6.2,72459
"967",77,42,7.9,220,7.6,91880
"968",40,28,5.5,85,5.7,38942
"969",96,49,7.8,3455,7.7,748237
"970",30,20,4.4,238,5.1,77083
"971",22,19,2.1,189,4.2,51676
"972",96,57,8,1510,8.1,615840
"973",68,20,7.1,33,7.4,6311
"974",32,9,2.3,25,5.2,8558
"975",17,16,3.7,118,4.7,19129
"976",73,42,7.1,160,6.8,70534
"977",62,39,8.2,256,7.4,137640
"978",31,16,2.6,31,5.3,5701
"979",34,18,2.7,74,4.1,15857
"980",38,31,6.1,20,5.8,12328
"981",45,17,5.2,41,6,31694
"982",28,21,6.2,410,6.3,142169
"983",15,11,5.9,121,5.4,6434
"984",12,25,2.5,175,3.1,35814
"985",46,38,8,624,6.5,148502
"986",35,32,6.5,102,6.4,56395
"987",52,43,6.7,65,6.9,41162
"988",31,35,5.1,84,6.2,50986
"989",37,21,4.1,62,5.2,10454
"990",87,45,8,335,7.7,109586
"991",80,47,8.2,608,8,424790
"992",69,36,7.5,227,7.1,138562
"993",54,40,6.4,114,6.5,62257
"994",41,31,5.3,115,5.7,57687
"995",25,20,5.3,33,5.4,12937
"996",41,24,4.5,49,5.1,18703
"997",25,22,5.2,60,5.1,5459
"998",93,52,7.8,531,7.5,133533
"999",31,15,5.9,139,5.5,50755
"1000",57,36,6.3,131,6.6,45485
"1001",28,20,4,47,4.8,5708
"1002",51,26,5.5,18,6.4,3150
"1003",54,44,7.1,1470,6.9,575860
"1004",43,34,7.3,86,6.7,35885
"1005",71,8,8.3,386,7.8,343029
"1006",59,36,7.2,66,6.8,68144
"1007",53,31,7.2,166,7.6,124160
"1008",41,31,5.3,88,6.3,68944
"1009",60,32,5.7,62,7.1,25861
"1010",59,31,6.8,161,6.4,86762
"1011",25,25,3.4,17,5.2,2474
"1012",71,34,8.5,357,8,110597
"1013",NA,NA,NA,NA,7.2,25590
"1014",82,48,8.1,723,7.8,407409
"1015",61,40,6.3,435,6.3,163882
"1016",55,33,5.6,152,5.3,44423
"1017",11,9,3.4,50,3.5,1480
"1018",39,10,2.7,389,1.7,17553
"1019",38,27,4.2,98,5.9,21898
"1020",48,34,6.9,124,6.6,125310
"1021",64,38,7.1,115,6.4,43177
"1022",44,33,6.2,88,6.4,73435
"1023",46,32,8.2,714,7.6,368361
"1024",38,36,6.2,73,6.7,29490
"1025",54,29,6.6,231,6.5,87913
"1026",45,10,3.8,8,6.5,1668
"1027",51,39,6.6,559,6.6,218547
"1028",65,47,6.8,200,7.2,105901
"1029",78,47,7.7,387,7.3,187286
"1030",62,39,7.2,545,7.3,360113
"1031",59,30,5.8,23,6.7,14537
"1032",63,40,7.4,203,6.8,103297
"1033",49,33,7.8,308,6.7,221848
"1034",78,44,7.6,124,7,57526
"1035",39,33,5.1,244,5.8,107033
"1036",40,35,6.1,112,6.5,103513
"1037",48,42,5.7,294,5.3,94661
"1038",48,29,5.3,9,4.6,2005
"1039",66,41,6.9,350,6.5,224164
"1040",42,32,6.2,170,6.3,107054
"1041",62,44,6.5,2358,7.2,732656
"1042",55,47,7.5,3668,7,673135
"1043",65,41,7.7,710,7.3,310463
"1044",61,39,7,712,7.1,360293
"1045",44,42,6.1,524,6.3,196381
"1046",72,43,7.7,1617,7.7,456132
"1047",63,46,6.8,1241,7,584340
"1048",55,30,7,315,7.2,184864
"1049",60,37,6.5,296,6.6,158857
"1050",44,38,6.9,400,7,390566
"1051",55,45,7.2,841,7.2,460578
"1052",68,35,8.2,1136,7.5,424954
"1053",35,41,4.9,203,5.7,120749
"1054",19,28,3.2,361,5.4,135931
"1055",61,46,6.7,998,6.7,418892
"1056",41,31,5.2,305,5.8,170210
"1057",50,35,7,775,7.3,579347
"1058",30,37,5.4,544,5.8,285241
"1059",52,30,6.4,181,6.7,98047
"1060",81,45,8.6,1167,7.7,645637
"1061",65,48,7.5,1665,6.9,456985
"1062",67,41,7.1,790,6.6,375127
"1063",41,30,5.8,400,6.5,250373
"1064",62,40,7.4,211,7.5,81115
"1065",95,46,6.9,1198,7.4,263196
"1066",81,42,8.6,2302,8.4,1299188
"1067",61,47,7.7,1326,6.6,410803
"1068",39,32,3.8,175,5.7,41338
"1069",37,45,6.4,672,6.4,216367
"1070",54,41,7,1107,7,472860
"1071",40,30,6.7,269,6.6,149612
"1072",58,30,6.2,143,6.4,80368
"1073",63,41,7.4,783,7.6,299806
"1074",55,43,6.6,231,6.7,190321
"1075",58,40,8,2853,7.8,741309
"1076",52,43,5.9,287,6.4,201160
"1077",57,35,6.4,421,6.2,165332
"1078",34,33,5.7,85,6.7,101458
"1079",34,30,3.7,155,5.3,36455
"1080",28,41,4.4,562,5.3,194318
"1081",60,39,7,355,6.9,214983
"1082",51,37,6,223,6.2,128618
"1083",41,33,5.3,515,5.7,196148
"1084",70,53,8.6,1125,8.1,570911
"1085",33,41,3.9,623,4.8,187894
"1086",35,11,5.3,75,5.9,24114
"1087",23,25,5.7,351,6.1,190757
"1088",57,38,7.3,622,6.5,152605
"1089",47,38,6.6,233,6.6,155495
"1090",26,14,2.8,38,5,11280
"1091",51,23,6.5,168,6.7,108780
"1092",45,42,6.5,330,6.4,196062
"1093",86,44,7.5,765,7.3,238146
"1094",40,38,6.2,325,6.7,202396
"1095",68,20,8.8,879,8.1,831665
"1096",42,36,5.9,249,6.3,185519
"1097",55,5,7.7,86,7.5,28209
"1098",36,20,5,91,6,24413
"1099",51,34,6.1,117,6.4,81246
"1100",49,35,7.1,417,6.4,150672
"1101",20,16,5,174,5,42414
"1102",79,44,7.9,878,7.9,564607
"1103",53,34,6.1,357,5.9,130199
"1104",NA,NA,NA,NA,4.8,44063
"1105",25,27,4.7,293,5.6,114755
"1106",50,36,6.3,453,7,298735
"1107",53,18,6.6,35,6.8,8283
"1108",75,40,7.9,428,7.1,176088
"1109",11,16,2.7,392,3.5,63504
"1110",33,35,6.2,316,5.9,125315
"1111",49,27,4.2,190,4.2,23214
"1112",41,35,6.9,686,6.5,249070
"1113",59,39,5.8,210,6.2,123559
"1114",86,45,7.7,1029,7.7,558427
"1115",74,43,8.6,663,8.1,417233
"1116",35,28,4.8,208,5.9,108827
"1117",81,45,7.8,763,7,250267
"1118",34,21,5.5,115,5.8,70841
"1119",44,35,5.9,160,5.9,69584
"1120",28,32,4.5,68,5.6,46188
"1121",76,35,8.1,337,7.4,162948
"1122",34,27,4.5,20,5.1,8590
"1123",68,41,7.9,209,7.4,137106
"1124",68,42,8.5,572,7.3,238341
"1125",49,38,5.4,101,6.2,74200
"1126",52,40,6.1,148,6.1,82392
"1127",36,31,5.5,103,5.6,59714
"1128",66,32,7,261,6.5,84454
"1129",73,42,7.8,355,7.6,189846
"1130",64,36,6.1,42,6.8,18628
"1131",48,39,5.9,55,5.7,32815
"1132",42,29,6,134,6.2,110272
"1133",50,19,7.2,204,6.3,68278
"1134",44,35,5.1,191,5.9,91918
"1135",85,46,7.9,255,7.5,72005
"1136",55,34,8.6,506,7.8,285506
"1137",35,20,3.8,59,4,15528
"1138",50,29,6.5,76,5.7,34721
"1139",63,40,5.8,454,5.3,132650
"1140",79,35,8.7,610,8,786322
"1141",81,49,7.7,1775,7.7,615792
"1142",72,38,8.4,913,7.7,367341
"1143",58,37,7.4,290,7.3,152115
"1144",54,33,6.6,217,6.3,130795
"1145",39,24,8.7,260,6.5,62832
"1146",22,34,3.7,173,4.4,22854
"1147",48,34,5.7,103,5.7,46472
"1148",52,26,5.6,22,5.3,4586
"1149",29,21,3.1,32,5,8944
"1150",18,23,3.1,418,4.3,97200
"1151",94,41,8.3,520,7.9,133588
"1152",41,33,5.9,213,5.6,72791
"1153",32,30,4.2,62,5.7,34269
"1154",55,36,6,65,6.6,35726
"1155",82,42,8,241,7.1,140576
"1156",73,37,6.8,98,6.6,30348
"1157",52,31,4.8,450,5.5,224009
"1158",66,40,6.4,228,5.6,81216
"1159",50,39,6.1,45,6.2,21047
"1160",57,35,5.8,48,6.4,30820
"1161",51,16,5.6,28,6.8,7783
"1162",41,32,8,133,6.5,52018
"1163",49,42,6.2,70,6.2,37752
"1164",47,32,6.9,329,7.1,216044
"1165",76,40,7.3,395,7.3,316517
"1166",40,26,6.1,76,6.4,84044
"1167",31,33,4.3,185,5.4,71933
"1168",40,22,5.4,22,5.9,13248
"1169",45,35,5.6,357,6.3,283433
"1170",74,38,7.3,236,6.9,94414
"1171",66,33,7.3,320,7.2,268326
"1172",86,43,7.3,590,7.2,146861
"1173",67,36,8.7,639,8,445695
"1174",27,26,5.7,45,5.7,28167
"1175",55,45,8.3,1068,7.4,337496
"1176",68,37,7.7,353,7.6,221952
"1177",64,42,6.1,291,6.2,129700
"1178",49,29,5.8,279,6.6,185685
"1179",90,38,8.7,987,8.1,918227
"1180",45,27,6.2,34,7.2,30095
"1181",47,29,6.1,64,6.6,44177
"1182",40,22,4.6,234,4.6,60697
"1183",53,30,7.3,402,6.8,210745
"1184",69,37,7.2,787,7.1,360326
"1185",30,34,4.8,74,5.1,31722
"1186",84,44,8.2,1675,7.4,521541
"1187",72,33,8.4,427,7,91154
"1188",69,43,8,4040,8,1232519
"1189",78,45,8.2,4213,8.4,1463984
"1190",68,49,7,1913,7.2,823262
"1191",66,42,7,1834,6.9,546212
"1192",62,37,7,799,6.9,557874
"1193",60,26,6.7,309,6.8,156998
"1194",46,30,5.9,247,6.4,94778
"1195",58,38,6.9,597,6.8,326543
"1196",57,39,6.1,567,6.1,267092
"1197",69,41,8,1011,7.2,497854
"1198",64,43,6.5,2119,7,556391
"1199",52,36,6.7,287,6.7,199822
"1200",43,28,6.4,139,6.8,180040
"1201",72,38,6.1,281,6.1,128322
"1202",61,42,6.1,430,6.7,278380
"1203",41,27,5.7,131,5.8,89522
"1204",51,30,6,57,6.6,42673
"1205",73,47,7.9,923,7.4,445346
"1206",50,35,6,186,6.1,122272
"1207",51,28,7.1,501,6.6,286534
"1208",37,32,5.2,332,5.7,178161
"1209",55,42,5.9,462,6.2,240674
"1210",51,43,6.9,597,6.6,250193
"1211",40,34,6.6,160,6.5,65222
"1212",51,38,6,149,6.5,114455
"1213",42,15,5,34,4.9,9876
"1214",41,39,4.9,451,5.8,231642
"1215",46,34,5.3,148,5.6,82178
"1216",69,31,7.4,581,7,235816
"1217",65,39,6.5,100,6.3,39805
"1218",48,38,7.4,652,7.5,410335
"1219",39,17,6.3,253,6.4,142994
"1220",39,35,5.6,78,6.5,98696
"1221",58,41,6.4,500,6.4,264660
"1222",43,41,5.8,435,6.3,235658
"1223",75,35,8.5,1289,7.8,1011988
"1224",49,34,7.1,272,6.7,198535
"1225",31,36,6.1,191,6.3,172516
"1226",48,25,6,314,6.6,184596
"1227",62,40,6.4,325,6.4,170783
"1228",18,19,2.6,157,4.2,34416
"1229",71,41,8,776,7.8,407184
"1230",34,22,4.2,352,4.3,108175
"1231",64,35,7,451,6.8,235998
"1232",46,32,5.9,105,5.9,32736
"1233",45,26,8.6,315,5.9,55566
"1234",54,22,6.7,65,6.3,20995
"1235",95,22,8.6,238,8,407327
"1236",59,41,6.5,229,6.5,119002
"1237",62,35,7.4,123,7.2,88271
"1238",84,43,8.1,786,7.8,307589
"1239",24,19,3.8,141,4.3,30178
"1240",56,26,6,114,5,29381
"1241",84,43,7.7,482,7.3,228749
"1242",72,40,6.8,385,7.2,142779
"1243",51,36,6.1,1653,6.5,706190
"1244",39,17,5.1,472,5.4,129861
"1245",72,40,8.1,1131,7,361365
"1246",41,30,5.6,75,5.7,68208
"1247",89,41,8.2,583,7.9,225322
"1248",58,40,6.9,180,7.1,131406
"1249",47,42,5.9,181,5.9,72191
"1250",42,35,5.9,302,5.9,146639
"1251",58,38,7.9,376,7.3,222435
"1252",31,27,4.9,233,5.5,87825
"1253",58,40,6.6,92,6.8,58526
"1254",36,35,5.5,185,5.7,119115
"1255",43,22,5.1,84,6.4,52836
"1256",43,15,4.9,21,5.5,7269
"1257",68,40,7.8,603,7.3,211262
"1258",26,14,6.2,84,5,10257
"1259",31,19,5.3,141,5.6,69524
"1260",46,41,5.8,188,6.9,95949
"1261",73,31,7,141,6.7,43661
"1262",44,31,6.3,39,5.7,7778
"1263",54,41,6.1,212,6.4,100179
"1264",57,23,6.5,31,7.2,5776
"1265",62,38,6.2,129,6.2,90953
"1266",22,17,4.8,78,5.3,39724
"1267",57,24,6.6,304,5.8,13225
"1268",83,41,7.7,812,7.5,296751
"1269",54,28,6.3,28,5.7,5783
"1270",85,42,6.6,465,7.1,181831
"1271",66,36,6.8,200,6.5,107989
"1272",61,28,6.1,55,6.5,18285
"1273",80,28,8.1,260,7.6,75435
"1274",67,40,7.2,380,5.8,81525
"1275",40,32,6.3,149,6.6,142353
"1276",26,18,4.8,76,5.9,38570
"1277",NA,NA,NA,NA,5,62718
"1278",16,14,4.8,405,5,59006
"1279",53,34,6.5,135,5.6,71114
"1280",55,25,7.1,160,6.5,100428
"1281",54,38,6.2,115,6.3,82481
"1282",44,30,6.2,117,6.4,81194
"1283",51,19,5.7,126,5.4,59488
"1284",66,43,6.8,372,7.2,234172
"1285",48,32,7.8,313,6.1,92413
"1286",50,31,5.9,56,6.1,33802
"1287",60,30,8.8,1169,7.1,244056
"1288",49,30,7.9,117,5.2,21398
"1289",49,31,6.3,52,7.1,40736
"1290",36,15,5.6,72,5.9,41155
"1291",37,30,6.7,97,7,73008
"1292",22,30,4.7,101,5.7,79715
"1293",18,10,5.2,183,4.9,56734
"1294",37,25,5.7,38,5.4,13388
"1295",55,36,5.9,69,6.1,40398
"1296",59,36,7.1,179,6.7,105443
"1297",38,16,6.7,79,6.1,44274
"1298",75,37,7.8,381,7.1,85411
"1299",45,36,4.6,603,4.9,217048
"1300",65,38,7.8,191,7,81671
"1301",35,17,7.4,36,6.6,4428
"1302",42,34,6.9,17,6.4,6108
"1303",71,42,6.5,190,6.2,78022
"1304",18,13,3.8,59,4.1,18596
"1305",39,29,7.1,155,5.7,67153
"1306",73,31,8.2,349,7.6,185051
"1307",65,24,7.2,311,6.6,140146
"1308",22,10,3.8,49,4.9,34563
"1309",43,7,7.7,23,6.7,5910
"1310",26,11,5.7,45,5.4,6613
"1311",11,5,4.5,43,3.8,1934
"1312",50,25,5.4,96,5.9,40502
"1313",23,26,2.2,333,3.3,75603
"1314",NA,NA,NA,NA,NA,NA
"1315",NA,NA,NA,NA,NA,NA
"1316",59,39,6.8,286,6.2,130275
"1317",56,34,7.1,391,7.1,291232
"1318",32,11,7.3,113,2.1,14805
"1319",46,23,5.8,298,6,157815
"1320",59,42,6.5,223,6.5,119728
"1321",69,32,7.5,122,7.1,48634
"1322",87,42,8,635,7.6,347989
"1323",53,36,6.3,401,6.7,360278
"1324",42,10,7.6,69,7,18582
"1325",81,40,8,664,7.7,374228
"1326",64,31,6.8,64,6.9,21802
"1327",78,43,8.2,1545,7.8,551741
"1328",62,41,7.9,477,8.1,412062
"1329",61,29,7,163,6.3,64184
"1330",58,35,6.1,75,5.9,45076
"1331",67,43,7.1,303,7.1,211485
"1332",59,25,6,290,5.8,88299
"1333",88,30,8.8,756,8.5,905371
"1334",85,41,8.2,1729,8.1,733672
"1335",42,37,5.7,1118,6.2,377572
"1336",44,40,5.7,666,6.4,452118
"1337",45,39,6.3,757,6.6,468105
"1338",66,41,7.4,632,7.3,344152
"1339",57,38,5.7,527,6.1,152335
"1340",57,40,7,1771,7,723800
"1341",68,39,7.8,971,7.6,487384
"1342",66,43,7.3,1712,6.9,715334
"1343",75,39,7.1,547,6.8,260534
"1344",67,31,7.7,496,7.2,244000
"1345",65,38,7.8,1295,7.7,632335
"1346",63,29,7.6,397,6.9,200466
"1347",30,22,4.4,248,5.4,81261
"1348",72,41,7.3,835,7,331744
"1349",75,35,7.6,676,7.2,228281
"1350",88,41,8.3,830,8,622478
"1351",57,40,7.5,551,6.9,412650
"1352",39,39,5.8,841,5.5,261249
"1353",41,23,4.9,82,5.4,30477
"1354",NA,NA,NA,NA,NA,NA
"1355",80,41,7.8,707,7.6,300249
"1356",47,38,5.3,300,5.6,188414
"1357",50,41,5.9,445,6,203216
"1358",53,28,5.7,134,5.9,51204
"1359",39,39,7,564,5.8,152862
"1360",68,40,7.5,398,7.4,457926
"1361",37,35,5.8,589,5.7,171548
"1362",30,29,4.5,128,5.2,55258
"1363",59,37,7.3,467,7.4,514831
"1364",70,38,7,521,6.7,268052
"1365",52,22,2.1,509,1.6,75053
"1366",50,36,5.5,168,6.2,207375
"1367",53,30,6,127,6,85096
"1368",79,42,8.1,1177,8,679870
"1369",27,32,6.8,380,5.5,103628
"1370",56,38,6.6,327,6.8,243026
"1371",60,41,7.1,454,7,236914
"1372",52,35,6.9,199,6.9,108907
"1373",63,31,7.4,194,7.3,206281
"1374",63,37,6.7,312,6.5,331057
"1375",36,30,6,333,6.1,223805
"1376",74,41,7.7,748,7.5,472527
"1377",79,41,8.1,468,7.8,330768
"1378",49,40,7.2,858,6.8,306793
"1379",52,30,7.3,536,6.8,268584
"1380",45,15,4.8,34,4.7,7312
"1381",51,23,7,84,6.5,24891
"1382",46,32,5.7,145,5.3,50827
"1383",45,36,5.5,183,5.8,117512
"1384",53,27,7.1,83,7,44148
"1385",35,23,4.6,100,4.6,19819
"1386",50,24,6.6,214,5.8,103444
"1387",65,40,7.7,437,6.8,185974
"1388",71,34,8.5,673,7.7,391345
"1389",36,30,5.3,51,5.9,56291
"1390",37,14,2.9,90,3.5,21794
"1391",52,32,6.5,440,6.1,123832
"1392",22,14,5.5,100,4.4,24825
"1393",29,36,4.4,154,5.5,105711
"1394",57,37,7,405,7,229133
"1395",23,16,4.1,69,4.8,35538
"1396",56,26,4.8,23,5.7,9592
"1397",39,35,5.9,147,6.3,161291
"1398",49,37,5.7,187,6.1,91599
"1399",45,22,5.6,140,6.4,91520
"1400",33,29,6.2,883,6,225216
"1401",41,41,5.8,100,6.1,61672
"1402",72,42,8.4,608,7.6,309876
"1403",38,33,5.5,127,6,88954
"1404",36,37,5,82,5.7,50084
"1405",65,37,6.6,139,6.8,62931
"1406",41,13,5.1,231,5.7,111948
"1407",49,35,6.1,185,6.6,147214
"1408",25,20,4.6,190,5.1,74889
"1409",40,26,5.4,94,5.6,74399
"1410",74,26,7.5,112,7.2,20945
"1411",44,29,5.8,132,6.4,121405
"1412",28,27,5.1,157,5.4,88727
"1413",60,39,6.4,108,6.4,82536
"1414",53,33,6,206,6.3,136913
"1415",56,35,5.2,122,5.6,45962
"1416",42,33,5,106,5.9,52429
"1417",43,23,7.2,91,5.8,40155
"1418",33,32,4.4,107,4.9,64139
"1419",31,33,4.8,173,5.5,95207
"1420",49,22,4.6,71,5.4,20575
"1421",35,16,8.5,261,6,61980
"1422",36,29,5.1,202,5.2,93589
"1423",35,15,5.1,163,5.7,101142
"1424",45,30,6.2,37,6.3,16900
"1425",55,35,6.1,97,6.2,63814
"1426",22,15,4.2,74,4,24151
"1427",64,30,7.2,284,6.3,97391
"1428",24,19,4.8,150,5.2,52838
"1429",37,37,6.2,301,6,217530
"1430",49,31,6.3,263,6.2,118199
"1431",65,42,7.6,1072,7.7,456134
"1432",61,20,7.2,20,7.6,6074
"1433",37,23,3.7,22,4.2,2848
"1434",35,31,5.5,70,6.1,70641
"1435",48,41,6.1,104,7,134003
"1436",71,35,8.6,481,8.2,423039
"1437",56,37,6.3,123,6.2,97271
"1438",48,28,6.1,57,5.4,5549
"1439",55,37,6.6,49,6.9,27136
"1440",44,21,5.8,173,5.4,92777
"1441",45,29,5.9,62,5.8,32173
"1442",45,29,6.7,139,6.4,54928
"1443",50,24,6.3,33,5.4,14622
"1444",38,31,3.5,33,4.9,19100
"1445",46,38,4.3,79,5.4,43469
"1446",46,20,6.4,166,6.3,116516
"1447",82,38,8.1,689,7.6,339015
"1448",53,29,6.3,54,6.2,40860
"1449",42,28,6.2,60,6.3,50439
"1450",63,33,7.5,375,7.2,219980
"1451",95,42,8.2,2009,7.7,600499
"1452",88,41,8.3,830,8,622478
"1453",66,33,7.2,104,7.3,106860
"1454",9,13,1.9,124,3.2,11098
"1455",69,34,6.9,303,6.8,180064
"1456",47,38,7.5,236,6.4,75690
"1457",49,19,6.2,10,6.5,1376
"1458",51,39,6.5,301,6.5,315934
"1459",36,28,6.5,53,6.6,55344
"1460",55,38,3.3,337,6.7,175202
"1461",31,10,5.1,39,5.1,14447
"1462",60,38,6.9,352,7,281441
"1463",61,36,6.3,83,7.2,25744
"1464",39,31,5.6,66,6.5,118950
"1465",31,7,4.3,15,3.6,2768
"1466",44,24,6.6,121,6.4,97584
"1467",72,35,7.7,648,7.6,486744
"1468",57,38,6.7,104,6.5,70670
"1469",53,21,7,177,6.9,76246
"1470",56,23,7.2,199,7,55435
"1471",53,23,5.8,287,5.6,96424
"1472",45,11,6.5,51,6.3,24907
"1473",56,42,6.1,154,6.4,89110
"1474",50,33,6.6,47,6.1,6993
"1475",52,36,7.3,188,7.4,176878
"1476",74,42,7.4,538,7.5,339355
"1477",74,42,8.8,4251,8.8,1968492
"1478",83,35,7.5,3287,7.8,1092864
"1479",92,39,8.9,1842,8.3,731608
"1480",53,38,5.8,765,6.4,373571
"1481",57,40,6.4,1255,7,698931
"1482",58,38,5.1,497,5,220719
"1483",58,35,6.6,366,6.3,178171
"1484",75,37,8.7,758,8.1,644363
"1485",61,37,6.6,294,6.2,155326
"1486",39,37,4.9,457,5.8,265189
"1487",30,32,5,376,5.9,221316
"1488",20,33,2.5,865,4.1,144331
"1489",63,37,8.5,1360,8.1,1079822
"1490",64,35,6.8,445,6.6,235095
"1491",65,42,6.5,481,6.4,288760
"1492",34,33,5,131,5.7,111330
"1493",57,34,7.4,695,7.6,569669
"1494",53,40,6.2,355,6.6,247776
"1495",45,35,6.4,499,6.5,318840
"1496",41,20,4.3,133,4.5,42034
"1497",56,37,5.8,252,6.3,149280
"1498",27,39,4.1,175,4.5,72231
"1499",53,33,7.2,452,6.9,285558
"1500",50,38,7.2,494,6.6,265732
"1501",47,31,5.1,354,5.9,172117
"1502",50,39,4.9,103,5.8,84598
"1503",43,34,6.2,117,6.3,134933
"1504",47,37,7.1,333,6.7,241825
"1505",46,38,6.3,267,6.3,175738
"1506",56,37,5.7,238,5.9,96696
"1507",57,30,5.5,141,6.5,83941
"1508",22,31,4.1,112,5.6,118384
"1509",56,27,6.4,114,6.2,41065
"1510",46,34,6.1,199,6.1,149574
"1511",35,25,5,290,5.2,89962
"1512",33,27,5.4,156,6,78890
"1513",43,36,5.5,175,5.8,101022
"1514",65,39,6.8,265,6.4,166616
"1515",37,14,5.5,419,5.8,158725
"1516",43,14,6.4,38,4.7,8907
"1517",36,24,4.5,72,5,40658
"1518",53,29,7.4,378,7.6,282208
"1519",72,35,7.2,394,7.1,346664
"1520",45,20,7.9,188,6.2,56248
"1521",50,34,6.3,46,6.5,89592
"1522",59,39,5.8,156,6.2,96273
"1523",51,30,6.4,458,6.4,207210
"1524",63,36,6.5,278,6.4,158760
"1525",83,36,7.4,523,7.4,311554
"1526",66,38,8.5,1177,7.6,514519
"1527",21,22,3.9,131,5.4,85306
"1528",24,17,5.4,288,5.6,87759
"1529",31,35,5,157,5.6,84114
"1530",42,36,6.2,273,6.7,152892
"1531",30,22,5,69,4.3,13474
"1532",55,34,6.6,126,6.6,87997
"1533",51,25,5.1,66,5.7,45556
"1534",45,23,6.3,73,6.2,54750
"1535",63,31,6.2,175,5.6,47173
"1536",32,14,4.5,203,5.2,96896
"1537",56,31,7.1,184,6.5,108945
"1538",83,32,7.5,190,7.2,82266
"1539",34,32,5.6,69,5.4,47557
"1540",18,17,2.9,172,3.4,45646
"1541",61,36,6.8,256,6.3,89776
"1542",63,38,6.5,237,6.8,126524
"1543",30,22,4.5,60,4.3,13933
"1544",44,14,8.5,564,6.2,126371
"1545",25,24,5,63,5.6,59065
"1546",46,29,6.6,123,6.4,123129
"1547",69,38,8.3,1210,7.5,361399
"1548",37,30,5.3,56,6.4,57202
"1549",57,31,6.7,214,6.4,120080
"1550",52,25,5.3,52,6.1,27041
"1551",73,29,7.4,220,7.1,118088
"1552",52,30,6.1,82,6.1,94365
"1553",43,33,5.7,66,6.7,59794
"1554",60,29,7.1,450,6.6,187368
"1555",56,29,7.3,58,6.5,16777
"1556",33,30,6.1,73,6.5,91105
"1557",28,25,5.6,88,5.8,48340
"1558",36,15,5.6,70,5.2,13033
"1559",53,20,5.8,235,5.4,84293
"1560",50,24,5.8,22,5,10297
"1561",27,21,3,86,5.4,39049
"1562",42,32,7.3,119,6.5,110259
"1563",44,32,6.4,117,6.3,88854
"1564",51,26,5.5,23,5.9,13074
"1565",26,18,3.3,267,4.4,85343
"1566",86,39,7.2,316,7,123544
"1567",38,24,5.4,14,5,6613
"1568",75,21,7.6,22,7.8,8890
"1569",40,29,7.7,214,7.1,134173
"1570",51,31,6.5,80,6.3,55902
"1571",23,21,2.8,55,3.8,15350
"1572",66,35,5.5,210,5.7,90671
"1573",77,35,7.4,242,7.2,153219
"1574",63,35,8.7,309,6.4,71588
"1575",25,13,7.4,137,4.8,19180
"1576",32,31,5.9,118,6.3,98775
"1577",25,15,6.6,99,6.2,75523
"1578",79,35,8.5,466,7.1,111004
"1579",44,32,4.1,647,4.7,258047
"1580",45,33,6.6,36,6.4,16041
"1581",74,34,7.1,208,7.3,146243
"1582",83,35,7.5,3287,7.8,1092864
"1583",33,32,3.9,152,4.7,54068
"1584",49,33,4.5,241,5.8,41826
"1585",27,28,5.2,21,4.8,36763
"1586",43,24,6.3,128,5.5,41453
"1587",65,30,7.2,212,6.8,142101
"1588",61,32,7,54,7.2,41257
"1589",63,33,7.2,132,7.1,130773
"1590",78,36,8,219,7.3,103363
"1591",85,34,7.8,223,7.3,126060
"1592",49,34,5.5,711,5.8,344110
"1593",19,22,5,124,5.4,35606
"1594",31,7,5.4,29,6.3,4600
"1595",39,21,5.3,150,6,49416
"1596",56,38,4.9,1044,5.2,411688
"1597",83,34,8.3,517,7.9,189520
"1598",58,31,8.5,269,7.1,108094
"1599",55,32,7.2,195,6.8,97722
"1600",66,24,7.6,269,6.9,197429
"1601",71,37,6.5,406,6.7,98871
"1602",23,27,3.3,157,5.5,99188
"1603",34,20,6.7,206,6.3,66754
"1604",40,17,4.9,13,4.6,3738
"1605",34,26,6.9,313,7.4,264033
"1606",22,6,5.6,13,3.2,686
"1607",50,13,7.2,73,5.7,29290
"1608",54,33,6.4,190,6.2,124869
"1609",79,38,8.5,2154,7.9,912277
"1610",53,22,6,87,6.3,32091
"1611",83,19,8,44,8.3,2799
"1612",68,24,5.9,664,6.3,215346
"1613",34,27,5.7,93,5.9,72222
"1614",58,31,6.5,97,7.4,105524
"1615",37,34,5.8,32,5.8,11757
"1616",47,24,2.8,229,5.6,87532
"1617",35,32,5.3,1606,6,376756
"1618",78,36,7.2,1207,7.6,450795
"1619",88,37,8.8,1331,8.2,900610
"1620",73,31,7.8,1032,7.7,699655
"1621",82,46,7.9,1546,7.9,568937
"1622",56,35,6.9,247,6.4,142805
"1623",50,25,6.9,257,6.9,216423
"1624",40,39,5.3,576,6.6,456082
"1625",42,31,5.6,174,6,171033
"1626",48,30,6.7,196,6.7,286281
"1627",46,28,6.4,310,6.6,255064
"1628",32,25,5.3,385,5.8,195842
"1629",39,24,5,246,5.2,100148
"1630",51,32,7.3,665,7.8,554396
"1631",72,34,7.9,759,8.1,700360
"1632",48,36,6.2,306,6.7,265279
"1633",49,46,5.9,761,6.5,336539
"1634",69,36,7.8,1633,8.3,1212071
"1635",41,19,4.5,97,5.1,41452
"1636",84,36,7.8,774,8,780136
"1637",81,36,8.1,1468,7.9,625889
"1638",56,39,8.1,2106,7.6,485463
"1639",70,35,7.2,464,7,273915
"1640",66,34,7.3,192,7,103318
"1641",47,32,6,85,6.4,157791
"1642",50,13,4.9,35,4.4,11175
"1643",28,31,5.2,151,6.4,198731
"1644",41,27,6.1,387,6.2,216043
"1645",47,25,5.4,159,4.5,38590
"1646",73,31,8.6,1207,7.6,505240
"1647",80,38,8.4,705,7.7,188152
"1648",70,37,7.4,628,7.8,569278
"1649",51,25,5.4,63,5.4,20919
"1650",67,32,7.9,199,7.2,37824
"1651",70,34,7.9,239,7,190485
"1652",53,30,6.7,177,7.1,142809
"1653",25,12,5.7,105,5,28541
"1654",52,28,6,76,5.7,54009
"1655",30,14,4.9,248,5.2,94076
"1656",55,34,6.3,172,6.4,181391
"1657",34,29,6.3,297,5.5,94012
"1658",48,27,5.9,190,6.3,174434
"1659",47,31,7.8,153,7.1,137352
"1660",54,34,5.8,369,5.8,137933
"1661",24,30,4.2,114,5.5,98086
"1662",33,23,6.1,93,5.9,58138
"1663",34,29,7.9,139,5.8,81666
"1664",33,26,5.2,146,6,86006
"1665",60,36,6.4,249,6.3,112239
"1666",55,13,5.9,34,4.5,9396
"1667",51,11,7,149,5.4,52607
"1668",32,32,5,166,5.3,63839
"1669",51,28,6.4,101,7.4,87638
"1670",44,14,7.1,191,6.6,147686
"1671",38,30,5.1,79,5.9,73019
"1672",34,28,4.7,184,4.9,89928
"1673",30,16,5.1,91,4.8,48596
"1674",56,36,6.3,266,7.1,222790
"1675",83,32,8,982,6.5,183598
"1676",42,25,8.8,543,6.9,185214
"1677",69,34,5.1,120,6.1,46307
"1678",45,21,5.9,150,6.3,166704
"1679",46,30,7.7,329,6.8,326320
"1680",64,36,7.9,157,7.1,131607
"1681",60,32,5.6,77,6.7,39922
"1682",36,30,5.1,83,5.6,41284
"1683",17,27,4.2,123,4.8,38934
"1684",35,17,5.1,194,4.9,46975
"1685",66,37,5.2,167,6.4,61926
"1686",42,27,6.1,112,6.5,83120
"1687",58,38,7.3,182,7.6,225570
"1688",76,36,8.1,846,7.7,459982
"1689",72,26,6.3,32,8,14084
"1690",36,21,7,188,6.1,103558
"1691",60,31,7.2,287,7.1,130078
"1692",61,33,6.8,84,6.7,50401
"1693",95,26,9,1231,8.3,853982
"1694",33,11,5.6,53,5.6,30036
"1695",58,34,5.9,175,7.2,134730
"1696",43,24,6.4,78,6.3,74385
"1697",30,12,6.4,251,6,98561
"1698",40,17,4,45,3.5,11520
"1699",52,34,6.3,96,6.5,89502
"1700",42,10,5.6,54,5.4,20212
"1701",80,36,8.2,359,7.9,284542
"1702",36,33,5.7,366,7.6,280136
"1703",54,35,6.2,136,5.8,59380
"1704",61,22,8.7,174,5.6,31547
"1705",33,26,5.6,29,5.7,30272
"1706",69,38,7.4,243,7.3,188946
"1707",39,26,4.6,43,5.1,15739
"1708",56,38,4.9,1044,5.2,411688
"1709",68,36,7.9,161,7.5,118533
"1710",53,22,4.7,39,4.7,6644
"1711",27,13,4.8,261,5.8,127936
"1712",45,14,3,80,1.6,17227
"1713",58,31,5.8,157,6.4,118722
"1714",NA,NA,NA,NA,6.1,71787
"1715",84,39,7.6,347,7.5,161168
"1716",31,18,5.6,38,6.1,41455
"1717",53,25,6.4,65,6.1,35156
"1718",29,32,5.3,43,5.6,21192
"1719",47,29,5.7,205,5.2,111143
"1720",54,23,5.6,32,5.6,13352
"1721",76,34,7.4,339,6.8,149960
"1722",63,22,6.1,115,6.5,66066
"1723",39,23,5.7,53,5.8,20377
"1724",86,29,7.7,312,7.7,117027
"1725",32,30,7.8,123,5.3,32766
"1726",57,27,6.3,47,6.6,20123
"1727",61,36,6.7,183,7.4,40579
"1728",80,38,7.8,176,7.7,100099
"1729",43,25,5.7,90,5.8,42348
"1730",41,15,6.6,209,6.2,137314
"1731",68,32,6.9,120,6.9,62674
"1732",38,13,4.9,84,5.6,26779
"1733",40,34,4.7,242,5.5,160447
"1734",61,32,6.3,78,6.8,68550
"1735",24,11,8.6,252,5.1,27948
"1736",61,33,6.1,95,6.1,43897
"1737",43,18,6.5,6,6.1,2709
"1738",28,13,6.5,367,6.7,140893
"1739",NA,NA,NA,NA,5.5,36639
"1740",46,20,6,22,5.8,10058
"1741",45,10,2.3,299,2.5,68624
"1742",47,25,7.3,61,7.1,57766
"1743",17,11,3.3,123,3.7,22603
"1744",67,29,8.3,379,6.8,183830
"1745",34,25,7.1,35,5.9,17971
"1746",29,11,6.5,94,6.4,55966
"1747",55,35,6.7,49,6.7,27915
"1748",30,24,7.6,273,4.8,58802
"1749",35,25,6.6,13,5.3,13501
"1750",41,27,6.1,103,5.7,61306
"1751",66,20,6.6,45,6.3,13546
"1752",7,15,4.3,78,5,20458
"1753",53,38,6.9,222,6.6,117223
"1754",61,25,6.9,216,6.6,197429
"1755",58,48,6.3,659,6.6,394309
"1756",84,39,9,5777,9,2214054
"1757",54,19,6.6,35,6.5,11145
"1758",43,13,NA,NA,6.5,295
"1759",36,21,3.4,24,4.5,4153
"1760",41,22,4,75,3.8,22110
"1761",61,33,8.3,232,6.8,216429
"1762",57,26,5.1,170,4.8,56063
"1763",70,36,7,261,7.1,236917
"1764",8,10,8.6,204,3.9,2536
"1765",65,30,7.3,40,7,19473
"1766",50,24,8,5,6.1,3583
"1767",57,32,7.8,35,7.3,23520
"1768",55,28,7.4,161,7.8,183394
"1769",28,6,6.8,109,6.5,20691
"1770",56,33,6.6,208,6.5,170020
"1771",43,30,6.8,185,6.6,172433
"1772",57,37,7.1,187,7.1,208242
"1773",63,38,7.8,211,7.7,230460
"1774",64,32,5.9,97,6.7,57315
"1775",39,26,4.6,51,6,22394
"1776",40,19,5.6,61,6,21957
"1777",28,10,4.6,34,3.9,9242
"1778",49,23,6.2,12,6.4,10252
"1779",51,26,5.9,109,6.1,153946
"1780",31,25,5.2,294,5.4,120410
"1781",58,27,6.5,73,6.5,61591
"1782",95,39,8.9,2649,8.4,963371
"1783",65,40,5.4,1277,6.1,412915
"1784",49,37,6.4,517,6.4,433097
"1785",74,36,8.3,545,7.5,404844
"1786",71,31,7.8,205,6.8,126409
"1787",53,38,6.2,228,5.6,113704
"1788",51,37,6.9,361,6.4,207148
"1789",62,34,6.5,273,6.5,188472
"1790",61,38,7.2,973,6.7,422307
"1791",64,38,4.7,661,6.7,352533
"1792",54,34,7,284,6.5,198541
"1793",81,38,8.3,1275,7.4,480420
"1794",71,39,7.4,594,7,368440
"1795",31,33,3.7,282,5.2,147339
"1796",57,35,5.3,145,5.8,110162
"1797",51,33,7.9,367,6.9,260304
"1798",54,37,5.4,291,5.5,185589
"1799",34,29,4.5,317,5.1,123466
"1800",42,34,7.4,181,7.4,224475
"1801",64,37,7.2,349,6.9,307692
"1802",48,26,5.8,240,6.5,213484
"1803",48,29,6.4,195,6.8,223644
"1804",36,31,5.7,98,6.1,162052
"1805",35,36,7.4,570,6.1,281087
"1806",64,37,6.4,1025,7,364774
"1807",47,31,5.7,134,6.1,150337
"1808",78,36,7.5,382,7,250888
"1809",40,32,5.6,173,6.6,142737
"1810",62,30,6.5,93,6.5,85676
"1811",39,23,5.3,220,5.2,73921
"1812",29,29,4.5,83,5.7,71685
"1813",59,13,5.6,93,2.4,8439
"1814",34,38,5.6,747,5,191934
"1815",67,37,7.5,266,7.1,256250
"1816",55,34,7.8,143,6,40761
"1817",63,37,6.6,423,7,300126
"1818",50,20,7.3,105,6.2,78373
"1819",65,37,7.1,748,7.2,668236
"1820",20,13,5.6,267,5.8,111954
"1821",47,27,7.9,464,6.2,114631
"1822",57,27,7.3,105,6.6,99599
"1823",55,22,5.8,74,5.5,77561
"1824",55,24,8.5,89,6,32694
"1825",37,25,5,62,5.9,65890
"1826",36,20,6.5,37,4.3,15087
"1827",63,26,6.8,20,6.2,26417
"1828",37,37,7.9,461,6,67336
"1829",17,12,4.2,229,3.9,33043
"1830",46,26,7.8,472,7,213427
"1831",46,23,5.4,19,5.5,13090
"1832",45,14,6.1,27,4.4,6411
"1833",36,27,5,91,6,83085
"1834",93,42,8.1,1546,8.2,495172
"1835",47,29,4.9,125,6.1,47793
"1836",85,36,7.9,547,7.8,240348
"1837",9,11,2.8,466,2.8,100024
"1838",57,27,8.3,323,6.6,128477
"1839",41,21,6.1,11,4.5,9540
"1840",49,14,8.6,47,5.7,6661
"1841",43,24,6.9,199,6.4,194175
"1842",35,30,5.7,357,5.9,54848
"1843",47,29,5.8,119,5.8,76903
"1844",41,31,6.3,67,5.7,57039
"1845",91,37,7.8,1750,8.1,817593
"1846",59,33,7.2,102,7.1,151401
"1847",24,33,4,115,3.8,49521
"1848",53,14,5.8,151,5.9,68724
"1849",64,32,6.2,143,6.6,86958
"1850",36,13,3.2,165,5.4,50552
"1851",56,34,5.6,47,6,30616
"1852",35,13,6.4,121,6.2,100240
"1853",36,18,4.4,73,4.5,10540
"1854",69,32,7.6,140,7.2,170212
"1855",32,30,5.9,56,6.2,46462
"1856",39,24,6.9,169,7,196899
"1857",67,39,6.9,146,7,107264
"1858",27,32,4.7,38,5,19937
"1859",24,14,4.8,182,4,30313
"1860",50,34,6.4,90,6.7,101098
"1861",55,28,7.3,97,6.8,105342
"1862",37,12,8.7,203,5.2,31708
"1863",33,14,5.4,142,4.5,62161
"1864",56,36,5.1,106,6.3,45414
"1865",39,22,7.2,158,6.6,93872
"1866",83,39,7.7,626,7.3,334671
"1867",61,29,8.6,90,7,54542
"1868",26,15,4.6,129,5.6,92103
"1869",71,24,7.5,61,6.4,36986
"1870",47,33,6.3,203,5.9,87526
"1871",41,31,6.4,30,5.8,20081
"1872",34,13,7,87,5.9,41875
"1873",63,27,8,40,6.5,5486
"1874",44,15,7.3,99,5.8,68376
"1875",17,27,4.9,124,5.9,73191
"1876",47,30,6.2,34,6.1,17329
"1877",45,29,6.3,41,6.6,58282
"1878",75,32,8.2,298,7,172290
"1879",65,32,7.5,60,7.5,54795
"1880",24,16,5.3,71,5.4,54230
"1881",15,12,1.4,323,1.9,85606
"1882",62,34,7.4,65,6.9,76123
"1883",29,14,4.6,405,4.7,113343
"1884",72,30,7,104,6.7,68358
"1885",49,13,7,21,5.6,2527
"1886",43,26,5.3,51,5,37540
"1887",52,19,6,10,5.4,3780
"1888",52,35,6.7,150,6.4,87488
"1889",51,14,5.2,165,6,71014
"1890",61,35,6.7,59,6.4,19432
"1891",51,33,6.1,373,6.1,175493
"1892",48,29,8.6,133,6.7,59017
"1893",61,34,7.8,86,7.6,76205
"1894",82,36,7.7,382,7.2,152868
"1895",58,27,8.2,19,7.3,19345
"1896",57,33,7.5,80,6.1,22198
"1897",49,24,7.5,79,6.5,81946
"1898",30,24,6,178,5.9,59176
"1899",37,31,5.4,66,6.1,17633
"1900",20,13,3.5,203,3.7,11764
"1901",30,29,5.1,40,5.2,23513
"1902",63,21,5.3,13,3.5,4756
"1903",20,12,5.6,229,4.1,9281
"1904",74,33,7.5,183,7.4,143415
"1905",12,12,5.1,86,5.3,20647
"1906",53,28,6.5,45,6.2,36237
"1907",48,27,6.6,56,6.6,64656
"1908",53,28,8.4,311,7.3,228965
"1909",63,32,6.8,128,6.8,64898
"1910",54,28,6.3,56,6.3,16353
"1911",15,11,7.7,528,3.8,43587
"1912",15,11,3.5,23,4.6,11964
"1913",31,23,8.8,160,6.1,37116
"1914",57,25,7.6,23,7,16266
"1915",17,6,3.1,33,3.3,5960
"1916",54,25,7.1,77,7,62061
"1917",45,31,5.9,127,6.6,68884
"1918",35,25,6.7,54,6.4,66974
"1919",69,32,6.6,40,6.7,20100
"1920",54,34,6.5,324,6.1,136336
"1921",38,27,7.5,223,7.5,101732
"1922",44,23,6.3,76,6.1,56816
"1923",73,38,8.1,440,8.1,552490
"1924",59,35,6.3,286,6.2,158949
"1925",76,38,7.5,407,7.8,380635
"1926",48,26,5.7,85,6.2,41709
"1927",65,34,6.6,180,6.7,96183
"1928",27,10,3.4,25,4.3,2818
"1929",42,31,7.9,155,5.6,38758
"1930",51,24,5.3,7,6.2,1562
"1931",28,18,7.3,26,6.3,5527
"1932",35,22,6.4,277,6.3,157950
"1933",32,22,NA,NA,4.5,2817
"1934",33,17,6.1,125,6.5,71448
"1935",58,29,7,468,7.1,273205
"1936",63,24,6.5,22,6.3,8028
"1937",67,35,7.4,251,7.2,174697
"1938",NA,NA,NA,NA,1.1,761
"1939",47,36,5.1,102,6.2,46542
"1940",72,34,7.7,261,7.6,243292
"1941",65,37,7.4,87,7.1,67568
"1942",59,40,6.8,1653,6.2,484797
"1943",58,35,6.4,460,6.1,271433
"1944",61,35,6.9,1367,7,585350
"1945",50,36,6.3,991,7.1,580189
"1946",71,37,7.3,999,7.5,486656
"1947",85,38,7.6,856,8,594116
"1948",52,42,7.2,1578,7.6,717362
"1949",96,37,8.6,1760,8,617295
"1950",80,36,7.7,784,7.3,302846
"1951",27,29,5.1,230,5.8,112275
"1952",85,38,6.7,593,6.9,342680
"1953",44,32,6.4,174,6.2,149076
"1954",48,28,6.8,323,6.4,303810
"1955",69,34,6.9,466,7.1,381749
"1956",45,33,6.6,497,5.6,246080
"1957",76,36,7.9,625,7.6,506471
"1958",37,33,5.4,146,5.9,137968
"1959",81,37,7.6,252,6.6,117027
"1960",64,35,6.8,178,6.3,153760
"1961",62,37,6.5,302,6.9,311478
"1962",35,20,3.8,477,5.2,218128
"1963",37,33,4.7,207,5.4,136203
"1964",61,27,6.5,130,6.8,84425
"1965",27,26,4.4,148,4,66319
"1966",74,25,7.3,281,7.1,138775
"1967",62,28,8.1,331,6.8,214951
"1968",64,27,8.3,645,6.8,250175
"1969",76,37,7.4,279,6.5,66879
"1970",64,36,7.1,356,8,430959
"1971",36,16,6,269,5.9,136704
"1972",44,24,6.9,45,5.4,21481
"1973",64,26,8.5,153,6.7,66703
"1974",47,18,5.6,326,6.1,106347
"1975",54,12,7.8,89,5.9,11915
"1976",41,21,6.9,186,6.2,60210
"1977",76,37,7.3,461,7.7,280846
"1978",41,12,6.1,324,6.3,179603
"1979",59,30,8.2,131,6.5,94640
"1980",36,21,4,58,4.2,19124
"1981",29,30,5.6,94,5.9,71272
"1982",56,37,6.2,120,7,115310
"1983",53,33,7.9,287,7.2,302844
"1984",25,30,4.7,69,5.3,37262
"1985",37,16,5.9,101,4.7,19094
"1986",50,33,6.6,48,6.3,68980
"1987",26,30,3.2,90,5.7,36699
"1988",17,17,2.2,330,2.4,100290
"1989",53,29,7.3,300,6.6,160692
"1990",68,35,8.6,319,7.2,180607
"1991",66,33,8.6,357,7.6,247518
"1992",98,37,8.7,2613,8.2,600689
"1993",56,33,6.9,102,6.7,57296
"1994",46,30,5.1,90,5.8,83532
"1995",64,29,7.9,80,7.5,65061
"1996",45,32,6.2,129,6.7,135215
"1997",34,16,5,56,5.4,37544
"1998",NA,NA,NA,NA,6.4,189892
"1999",19,23,4.2,110,5.6,84204
"2000",84,38,8.5,1255,7.9,449598
"2001",74,36,7.3,73,7,56838
"2002",78,40,8.4,728,7.7,432360
"2003",38,26,4.9,81,5.3,39985
"2004",56,26,6.7,109,6.4,111941
"2005",49,17,5.5,32,5.7,6869
"2006",68,28,6.8,79,6.3,35621
"2007",78,34,7,499,7,252831
"2008",59,33,6.2,82,6.8,83169
"2009",45,34,8.8,344,7.3,140098
"2010",91,37,6.7,369,7.3,101339
"2011",35,30,4.8,120,6.2,101258
"2012",46,34,6,38,6.2,55029
"2013",41,25,8.1,83,5.1,34609
"2014",53,31,6.2,38,5.9,18925
"2015",36,23,6.4,111,5.6,41440
"2016",77,36,8,556,7.5,175273
"2017",61,33,6.6,176,6.7,96674
"2018",74,39,7.5,250,7.9,72900
"2019",56,29,7.3,269,7.3,104412
"2020",31,31,5,45,5.7,43975
"2021",81,37,8.7,786,7.8,448173
"2022",36,15,8.4,173,6.2,83562
"2023",63,36,8.3,409,7.1,199131
"2024",77,30,6.2,320,6.4,165205
"2025",64,39,8.7,599,8,484529
"2026",59,25,5.5,58,6.2,20516
"2027",65,29,8.1,57,7.4,23493
"2028",32,18,4.9,112,5.1,59433
"2029",36,15,5.7,55,6.2,34301
"2030",47,22,5.1,47,5.9,25943
"2031",61,33,8.7,240,7.4,91769
"2032",54,27,8.6,233,6.2,92255
"2033",25,29,5.6,60,5.8,23550
"2034",75,34,7.1,119,7,42891
"2035",55,34,7.1,47,7.1,56770
"2036",38,29,3.4,351,5.1,120047
"2037",53,31,7.9,122,7.1,55902
"2038",42,23,6,109,6.2,145241
"2039",46,21,5.1,156,5.5,83410
"2040",82,35,7,305,7.6,221930
"2041",73,35,7.9,117,7.4,73290
"2042",34,15,6.4,133,6.2,82235
"2043",28,16,6.1,127,5.6,39828
"2044",45,35,6.3,92,6.8,65138
"2045",28,22,4,66,4.5,9878
"2046",43,28,7.9,77,6,23322
"2047",53,30,6.1,105,6.9,97631
"2048",39,22,6.2,58,6,32050
"2049",45,31,7.1,141,5.9,73236
"2050",69,38,6.7,839,7.4,282988
"2051",43,27,8,242,6.7,74371
"2052",43,20,6.2,30,5.5,5466
"2053",80,46,8.5,1403,8,564867
"2054",89,37,8.2,330,7.9,150949
"2055",25,13,3.1,34,4.3,10895
"2056",13,19,2,85,3.1,15245
"2057",52,31,8.6,224,6.9,233907
"2058",49,29,8,398,6.7,142443
"2059",49,30,6.1,66,5.5,16228
"2060",45,33,4.9,25,6.5,12815
"2061",85,39,7.3,1703,8.5,1144670
"2062",45,21,7.2,23,6.2,45167
"2063",47,29,5.5,24,6.4,30590
"2064",55,28,5.6,33,6.3,21762
"2065",33,9,3,129,3.5,23412
"2066",35,11,5,36,4.8,12653
"2067",29,23,4.8,51,5.4,41838
"2068",21,18,3.1,60,3,17356
"2069",55,34,7.1,83,6.8,53404
"2070",36,24,8.4,161,6.8,67698
"2071",52,34,7.2,86,6.9,59971
"2072",74,38,7.1,52,6.6,26535
"2073",38,21,3.1,57,4.8,14572
"2074",68,37,7.5,523,7.8,282548
"2075",33,18,4.4,25,4.6,11124
"2076",17,15,4.7,32,3.6,10441
"2077",84,38,8.5,237,7.6,92210
"2078",48,26,7.4,36,6.8,19662
"2079",16,16,3.1,157,3.6,25616
"2080",23,24,4.9,71,6,49642
"2081",70,37,8.4,43,6.7,15839
"2082",55,27,7.1,12,6.1,6049
"2083",62,29,5.1,99,6.1,32232
"2084",24,12,3.7,23,4,8482
"2085",37,12,5.2,51,5.4,33622
"2086",36,9,4.6,21,2.9,3550
"2087",49,29,6.6,20,5.9,19862
"2088",18,11,2.8,39,2.2,14464
"2089",54,28,7.4,93,6.7,13154
"2090",22,17,4.8,175,4.6,24247
"2091",70,32,7.5,99,7,41400
"2092",43,29,5.2,34,6.4,22051
"2093",73,33,8.7,161,7,55799
"2094",18,14,4.8,94,4.6,6748
"2095",37,15,3.5,70,5.9,30874
"2096",61,28,6.3,30,6.8,25596
"2097",33,16,5.3,20,5.5,16966
"2098",51,28,6.6,20,6.6,15792
"2099",49,16,8.5,26,7.3,17244
"2100",63,30,7.8,35,7.2,27262
"2101",55,28,7.5,15,6.7,19931
"2102",32,24,8.1,58,5.5,16577
"2103",52,25,8.2,18,6.1,3981
"2104",89,38,7.3,1164,7.3,343823
"2105",40,23,7.6,60,7.3,25977
"2106",24,17,4.7,83,4.7,22341
"2107",59,32,5.7,224,7,286445
"2108",74,28,7.6,204,6.6,108995
"2109",43,22,5.6,29,5.3,10162
"2110",52,28,7.6,45,6.8,9690
"2111",42,8,5.9,17,5.6,12278
"2112",34,14,6.2,5,5.8,3655
"2113",43,16,7.1,11,6.6,2366
"2114",25,18,4.3,39,5.8,2835
"2115",33,11,6.2,17,4.6,12792
"2116",25,6,5.2,11,2.9,2225
"2117",32,17,4.4,68,4.7,31403
"2118",32,17,7.8,43,5.3,10416
"2119",30,5,5.3,13,3.7,653
"2120",49,18,6.2,115,6.1,83679
"2121",66,36,8.9,1231,8.5,1137640
"2122",80,36,7.5,654,7.8,427347
"2123",28,22,6.1,43,5,21888
"2124",67,35,8.7,354,7.5,213873
"2125",51,36,8,531,7.2,223409
"2126",54,31,6.3,106,7,40618
"2127",68,33,6,53,6.3,13510
"2128",57,21,6.4,33,6.1,7236
"2129",68,37,8.7,548,7.6,348105
"2130",36,26,8.6,173,5.4,35269
"2131",45,14,5.8,63,4.7,31793
"2132",53,29,7.8,131,6.9,85669
"2133",21,14,4,28,4.9,21945
"2134",47,33,6.5,93,7,85965
"2135",55,29,7.1,180,6.8,99640
"2136",NA,NA,NA,NA,NA,NA
"2137",30,18,6.1,169,5.8,66371
"2138",53,37,7.2,929,7.3,638778
"2139",73,39,7.4,640,7.1,353135
"2140",58,38,6,854,6.7,471894
"2141",46,40,6,573,6.6,389269
"2142",72,40,6.6,1293,6,266816
"2143",58,29,7.4,290,6.8,248481
"2144",67,31,8.1,262,6.7,154919
"2145",66,33,6.5,315,6.6,162403
"2146",45,35,6.6,330,6.4,297268
"2147",66,42,7.8,593,6.9,320727
"2148",62,40,7.5,302,6.9,358058
"2149",45,37,7.4,224,5.8,121909
"2150",40,23,5.8,228,5.1,111093
"2151",47,31,5.6,74,5.6,71223
"2152",76,39,7.4,305,7.6,326640
"2153",75,39,5.9,751,6.9,355558
"2154",38,35,6.3,128,5.7,79441
"2155",64,31,7.7,96,7.3,59331
"2156",48,16,6.8,375,6.2,173770
"2157",52,36,7,230,5.7,79309
"2158",46,29,8.5,224,5.6,76914
"2159",68,32,8.3,297,6.6,96179
"2160",66,23,7.3,150,7,64938
"2161",42,24,5.5,101,5.5,26708
"2162",33,28,5.3,85,5.5,55093
"2163",87,41,8.3,1440,7.7,313747
"2164",62,39,7.5,1119,8.2,997637
"2165",66,40,5.5,156,5.9,76245
"2166",34,20,5.3,68,4.7,39640
"2167",48,23,7.3,134,6.5,108186
"2168",65,37,5.5,297,6,107267
"2169",45,18,6.5,51,5.2,10390
"2170",45,32,6.4,296,6,233224
"2171",36,21,8.7,596,6.7,186033
"2172",43,25,5.3,36,4.4,17852
"2173",50,36,5.9,140,5.7,95751
"2174",25,17,5.5,133,5.5,47229
"2175",81,39,7.4,1492,7.2,381372
"2176",26,22,5,102,4.4,48953
"2177",62,28,7.1,51,6.5,15080
"2178",63,28,7.6,81,7.1,63990
"2179",47,33,5.4,137,6.2,130939
"2180",43,34,6.6,138,5.5,55225
"2181",41,28,6.1,243,5.8,127012
"2182",52,34,8,316,6.8,135691
"2183",45,29,6.7,139,6.4,54928
"2184",45,38,7.2,93,5.8,55285
"2185",11,18,2.8,236,2.8,56268
"2186",27,20,5.2,127,5.1,42008
"2187",55,21,3.6,706,5.9,165300
"2188",59,30,6.2,83,6.5,65321
"2189",31,21,7.9,985,6.5,209484
"2190",58,33,7.8,47,7.2,41848
"2191",36,36,6.3,434,5.5,93201
"2192",52,28,6.2,197,6.4,154726
"2193",41,27,5.8,77,5.8,77872
"2194",33,16,5.5,97,5.1,46302
"2195",52,25,7.7,61,6.9,51436
"2196",52,27,6.9,39,6.4,27486
"2197",47,24,4.9,107,5.3,23392
"2198",39,30,5.1,68,6.2,31323
"2199",63,34,7.9,241,6.6,124586
"2200",34,24,4.3,86,5.5,53010
"2201",47,27,8.3,181,6.4,120442
"2202",49,32,6.3,48,6.1,46983
"2203",74,39,8,485,7.5,206195
"2204",55,30,6.4,33,6.6,24377
"2205",58,31,7.4,432,5.4,129448
"2206",45,28,6.5,104,6.3,142337
"2207",79,39,7.1,203,7.1,115022
"2208",54,38,6.8,189,7.4,135494
"2209",90,40,7.6,401,7.5,96220
"2210",72,39,8.3,360,7.8,227066
"2211",36,24,5.2,66,5.5,43652
"2212",37,20,5.5,85,5,37516
"2213",59,26,5.5,67,5.8,36038
"2214",57,19,4.6,341,6.9,229443
"2215",53,25,7.2,44,6.4,25902
"2216",71,30,8.7,623,7.2,194719
"2217",71,36,7.6,177,7.6,210242
"2218",70,24,8.3,78,7.6,71607
"2219",65,29,7.4,180,7.3,128213
"2220",36,19,2.2,193,3.7,62811
"2221",19,16,6,149,5.3,45796
"2222",24,17,6.2,153,5.1,29516
"2223",49,35,2.8,195,5.6,70230
"2224",50,28,8.7,269,5.1,60653
"2225",53,36,8.7,399,7.7,295301
"2226",35,29,3.9,82,5.5,51840
"2227",37,22,7.5,25,5.9,9195
"2228",63,25,7.4,40,6.1,10509
"2229",75,38,6.5,121,6.7,21540
"2230",27,18,8.5,532,4.8,27675
"2231",46,25,6.5,79,6.3,62849
"2232",72,30,7.9,84,7.3,17956
"2233",56,35,5.3,149,6.3,58895
"2234",51,27,7.8,87,5.3,36955
"2235",18,19,3,279,4.4,78328
"2236",46,29,5.9,42,5.8,34636
"2237",44,28,8,77,5.9,28509
"2238",29,26,6.4,44,5.4,52545
"2239",37,28,4.9,43,5.9,20026
"2240",88,40,7.8,254,7.3,122078
"2241",81,38,7.9,1097,7.7,522824
"2242",38,18,4.9,59,5.1,24299
"2243",65,37,5.7,352,6.4,97428
"2244",21,14,2.8,35,3.3,10346
"2245",17,14,6.1,109,5.1,25271
"2246",49,30,7.9,52,6.8,49828
"2247",76,40,7.7,381,6.9,123722
"2248",51,20,5.4,39,5.7,7728
"2249",62,33,5.8,62,6.5,32264
"2250",38,8,8,65,6.1,6605
"2251",68,38,5.6,66,5.7,26219
"2252",47,22,6.9,70,6.5,40543
"2253",56,23,4.9,25,5.3,5021
"2254",69,38,6.8,215,6.7,81236
"2255",55,31,7.9,47,6.2,5104
"2256",65,36,8.7,179,6.7,43344
"2257",43,35,5.1,45,5.1,15144
"2258",52,22,8.3,49,7.1,34499
"2259",26,14,4.4,56,4.4,18370
"2260",45,18,8,38,6.8,4827
"2261",84,30,7.4,54,7.2,8688
"2262",57,27,5.2,63,6.4,40416
"2263",64,28,7.3,18,6.7,12330
"2264",17,12,4.3,49,4,21276
"2265",57,36,6.6,98,6.5,50994
"2266",52,37,7.7,167,6.3,39809
"2267",66,37,7.8,73,7.4,39758
"2268",46,26,6.2,34,5.5,7732
"2269",80,41,7.3,182,7.4,92515
"2270",51,31,5.1,33,5.9,14448
"2271",69,27,5.5,208,6.4,72111
"2272",38,16,8,110,4.7,11337
"2273",23,14,3.8,53,2.8,4509
"2274",37,37,5.5,58,6.2,23231
"2275",45,37,4.5,52,5.4,24036
"2276",36,16,7.1,36,3.2,8631
"2277",30,19,2,11,2.1,8897
"2278",41,30,8.7,363,7.4,95750
"2279",33,15,7.3,138,7,76022
"2280",26,33,2.9,130,4.3,36541
"2281",54,26,5.9,129,6.2,65900
"2282",82,37,8.7,548,7.8,243631
"2283",44,30,7,51,6.3,34208
"2284",27,13,6,47,6,22672
"2285",62,32,6.6,25,6.7,9886
"2286",53,19,7.3,49,6.7,59178
"2287",48,32,5.3,192,5.7,83244
"2288",56,24,7.6,73,6.9,61918
"2289",54,30,6.2,37,6.3,16430
"2290",38,25,4.3,56,5.5,26110
"2291",18,13,7.6,465,2.9,33649
"2292",47,28,6.6,79,6.2,102803
"2293",67,30,6.7,131,6.2,89600
"2294",66,36,8.6,655,7.8,412440
"2295",47,33,4.9,95,6,90390
"2296",36,23,5.6,226,5.5,122010
"2297",53,33,5.7,122,6.3,148942
"2298",40,34,5.5,94,6.6,69724
"2299",81,37,7.4,857,7.4,218460
"2300",45,28,5.8,53,5.9,72252
"2301",58,40,7.1,261,7,171007
"2302",45,33,5.2,128,5.4,43036
"2303",59,28,6.5,43,6.8,11811
"2304",87,38,8.2,288,7.4,121812
"2305",68,39,7.6,84,7.3,38601
"2306",53,35,7.3,190,6.9,47875
"2307",60,36,6.8,56,6.4,58285
"2308",40,28,7,398,6.6,227048
"2309",27,16,2.2,96,3.7,34345
"2310",59,27,6.3,12,6.1,6519
"2311",68,40,7.7,2002,7.5,687400
"2312",73,40,7.4,1143,6.5,404996
"2313",64,39,8.8,598,6.9,325262
"2314",72,40,6.7,529,6.6,411517
"2315",70,41,8.6,2329,8.2,1263325
"2316",57,36,6.8,295,6.9,353736
"2317",55,41,8.4,674,6.5,438191
"2318",58,36,8.2,230,6.6,289456
"2319",48,35,7.5,144,6.4,157825
"2320",40,35,5.8,681,5.7,305798
"2321",41,34,7,234,6.3,246712
"2322",64,33,7.6,172,6.3,128803
"2323",30,27,5.6,76,5.6,85147
"2324",73,35,8,475,7.1,382032
"2325",86,39,7.5,559,8.1,615976
"2326",31,38,6.7,50,5.6,54954
"2327",27,28,4.2,84,4.7,28498
"2328",33,36,4.9,69,5.1,74350
"2329",77,41,8.6,474,7.5,323795
"2330",79,39,7.8,97,7.5,54910
"2331",44,37,3.3,162,5.4,89555
"2332",50,41,8.7,597,7,294931
"2333",46,32,6.6,147,6.7,115817
"2334",49,31,6.2,107,6.8,130590
"2335",74,40,8.8,960,8,730217
"2336",62,41,7.4,93,6.4,95487
"2337",49,35,8.8,107,5.9,39410
"2338",41,33,7.9,136,6,89782
"2339",57,36,7.8,76,7.3,121153
"2340",47,31,4.7,99,4.8,43981
"2341",33,31,7.9,220,6,102817
"2342",62,29,8.1,164,6.2,76207
"2343",34,39,5.5,91,4.8,67451
"2344",69,40,8.9,312,8,172146
"2345",71,36,8.7,491,6.4,109959
"2346",30,32,5.5,41,5.5,46440
"2347",37,38,7.6,94,5.6,66270
"2348",83,35,7.9,505,7.3,234823
"2349",45,33,8.6,206,5.6,35215
"2350",35,34,8.8,261,6,80015
"2351",63,37,6.5,234,6.8,182984
"2352",94,42,7.1,521,7.5,175536
"2353",36,30,7.1,44,5.7,13337
"2354",43,26,6.1,36,5.2,15527
"2355",34,33,4.9,46,5.1,67507
"2356",47,31,8.7,176,6.7,96870
"2357",47,32,9.1,368,6.5,103641
"2358",63,40,8.1,318,7.2,260319
"2359",32,19,4.7,169,4.2,29199
"2360",66,40,9.2,177,6.4,52955
"2361",46,36,5.3,27,5.9,30056
"2362",56,29,3.8,349,6.3,187279
"2363",56,37,6.5,40,6.2,41500
"2364",38,31,4.5,147,3.5,30088
"2365",66,34,7.5,36,6.5,52640
"2366",40,39,8.8,361,7.3,113719
"2367",51,36,7.3,193,5.9,114051
"2368",53,28,5.6,15,5.5,15877
"2369",50,38,8.7,683,6.8,295596
"2370",44,33,8.9,246,6.6,105001
"2371",62,37,6.9,211,6.8,191478
"2372",82,39,7,279,7.4,129488
"2373",65,35,6.4,42,5.8,19929
"2374",54,27,7.1,31,6.3,10161
"2375",35,31,5.9,53,5.1,51003
"2376",41,36,7.6,483,5.3,112638
"2377",32,34,5.8,25,6.2,47096
"2378",34,28,5.6,274,5.2,104180
"2379",67,38,7.8,157,7.7,195232
"2380",37,31,6.1,196,4.4,66062
"2381",45,37,6.1,152,6.4,66185
"2382",74,34,8.3,786,7.8,278026
"2383",52,35,8.7,203,5.6,58685
"2384",58,39,6.9,295,6.5,347780
"2385",58,31,8.8,200,7,96929
"2386",34,35,4.4,136,4.7,85433
"2387",55,27,6.7,29,6,24111
"2388",62,31,8.7,451,7.6,287614
"2389",79,40,8.9,233,8.1,326286
"2390",50,29,2.2,101,6.3,42447
"2391",39,35,6.9,220,6.8,296804
"2392",58,32,6.4,56,6.2,39082
"2393",23,25,2.6,186,4.7,47531
"2394",68,37,8.9,128,7.3,37930
"2395",39,26,6.4,16,4.3,11027
"2396",48,31,7.2,49,6.6,66263
"2397",71,30,5.8,239,6.2,89790
"2398",54,39,8,132,6.3,72341
"2399",35,20,6,21,5.4,22359
"2400",45,27,5.3,42,5.5,20368
"2401",31,21,8.7,238,5,29839
"2402",63,36,9,63,6.8,20879
"2403",64,23,6.9,23,6.4,6174
"2404",78,38,8.7,265,7.7,122935
"2405",53,32,6.9,102,6.8,90670
"2406",20,26,5.8,267,2.2,51145
"2407",36,25,5.9,20,5.2,12191
"2408",27,29,5.2,41,5.5,27729
"2409",48,36,8.4,116,6.4,76662
"2410",30,26,6.1,98,6.8,86896
"2411",46,14,5.8,9,4.9,1982
"2412",55,28,8.1,27,7.4,27145
"2413",30,24,6.3,68,5.1,34436
"2414",31,27,3.5,28,3.3,6935
"2415",62,38,7.8,215,7.3,173915
"2416",90,41,8.8,1143,8,636515
"2417",61,37,8.6,180,6.5,76320
"2418",56,35,7.8,56,7.1,50985
"2419",61,36,6.9,222,6.6,166353
"2420",31,15,2,51,2.8,7907
"2421",36,36,5.1,76,5.9,63750
"2422",48,29,7.9,41,6.7,20933
"2423",39,14,8.6,157,5.8,25585
"2424",15,16,8.2,299,5.5,18522
"2425",62,32,8.7,167,6.3,22879
"2426",49,32,7.3,66,7,28302
"2427",33,27,8.7,50,5.6,24472
"2428",65,42,8.7,440,7.2,198104
"2429",89,37,9.1,428,7.5,105718
"2430",47,28,8.1,59,6.1,50788
"2431",44,35,8.7,187,7.1,106660
"2432",19,25,2.1,37,4.3,5366
"2433",38,30,2.7,265,5.9,162098
"2434",9,25,1.6,229,2.4,41201
"2435",33,30,8.1,93,6.4,56782
"2436",66,32,8.3,271,7.1,75745
"2437",73,40,9,185,7.7,134454
"2438",11,13,1.4,109,4.4,3565
"2439",42,30,6.6,77,6.8,65705
"2440",41,29,8.5,211,6.8,72720
"2441",26,22,4.6,14,4.3,4322
"2442",65,36,7.3,55,6.8,30360
"2443",24,26,3.6,41,4.2,18541
"2444",22,33,7.6,173,5.4,40740
"2445",NA,NA,NA,NA,NA,NA
"2446",29,22,4.5,21,4.3,2731
"2447",47,33,6.7,26,6.1,42439
"2448",47,32,7.8,48,6.5,54053
"2449",38,12,7.9,20,5.7,2587
"2450",47,44,6.7,462,7.2,210983
"2451",44,37,7.2,76,6,102216
"2452",39,42,5.3,159,5.6,159413
"2453",48,36,6.6,239,6,162304
"2454",27,27,4.8,44,4.5,39235
"2455",38,32,7.9,66,6.3,43776
"2456",55,40,6.7,100,6.6,61487
"2457",64,36,7.6,373,6.9,192965
"2458",29,27,8.9,152,5.9,43364
"2459",64,38,7.5,193,7.2,156274
"2460",67,37,8.7,287,7.4,204424
"2461",49,35,7.6,56,6.2,49742
"2462",75,40,8.7,611,7.2,405716
"2463",83,41,8.6,1490,7.3,527239
"2464",47,44,6.7,462,7.2,210983
"2465",82,40,8.3,923,7.9,525047
"2466",47,38,6.7,265,6.4,404870
"2467",73,39,8.9,621,7.7,423450
"2468",59,38,8.2,411,7.1,486651
"2469",56,43,8.7,612,7.2,475209
"2470",94,41,9.1,2777,8.9,1586692
"2471",48,38,6.5,214,6.8,317442
"2472",35,38,6.1,236,6.1,238629
"2473",67,43,6.2,226,7.5,124828
"2474",55,34,4.7,193,6.7,223315
"2475",44,40,6.7,328,6.5,236601
"2476",49,32,3.4,255,5.9,136398
"2477",71,41,8.7,430,7.5,348731
"2478",43,31,5.7,41,5.8,71570
"2479",55,40,8.9,274,6.1,135688
"2480",44,35,6.6,115,6,123162
"2481",66,39,8.1,357,7,319845
"2482",63,38,7.9,457,7.2,321503
"2483",34,28,5.5,115,5,47200
"2484",46,30,7.1,101,5.9,91102
"2485",53,34,8.7,442,7.8,501518
"2486",29,21,5.5,326,5.6,180285
"2487",47,36,8.8,347,7.7,320771
"2488",55,41,8.3,330,7.4,390589
"2489",27,31,5.2,119,5,76736
"2490",41,31,6.4,150,5.6,126069
"2491",73,41,5.6,165,7.2,136830
"2492",54,36,7.6,51,6.7,75900
"2493",43,34,6.9,281,5.8,63004
"2494",83,41,8.3,763,8,660211
"2495",76,41,7.8,99,6.6,100759
"2496",59,34,6.1,13,5.7,13932
"2497",68,36,7.6,41,7.5,46196
"2498",58,42,8.6,390,8,404628
"2499",70,35,7.6,63,7.2,57270
"2500",72,37,8.5,589,6.8,300760
"2501",66,40,6.2,49,6.7,108783
"2502",42,40,3.3,80,5.3,58870
"2503",59,37,8.6,508,7.3,228636
"2504",30,35,8.4,479,7.6,440310
"2505",38,34,7.7,243,6.7,210645
"2506",57,35,8,217,6.2,159816
"2507",46,32,8.2,714,7.6,368361
"2508",85,42,9.1,469,7.9,170898
"2509",46,41,7.7,166,6.3,156651
"2510",25,30,6.6,130,5.9,78610
"2511",35,26,6.2,309,6.2,182112
"2512",50,30,5.7,66,5.3,19360
"2513",46,34,5.2,130,6.6,177014
"2514",44,31,7.2,70,6.3,68938
"2515",30,22,5.2,45,5.2,32694
"2516",37,24,6.4,62,3.9,25593
"2517",27,35,2.6,291,3.4,107808
"2518",56,40,6.2,70,6.2,97073
"2519",64,36,7.7,159,6,80537
"2520",38,34,6.3,30,6,34855
"2521",84,42,7.1,407,7.9,407279
"2522",89,41,8.9,1017,8.3,877693
"2523",74,40,7.2,121,7.3,131196
"2524",33,36,8.8,592,6.4,146784
"2525",38,35,2.2,139,6.3,78201
"2526",40,28,5,56,4.7,28021
"2527",60,29,8.2,107,6.5,90864
"2528",55,43,7.8,321,7.7,387580
"2529",29,24,8.1,7,4.5,7093
"2530",63,38,5.5,83,5.7,49906
"2531",60,30,7.3,16,6.9,22630
"2532",33,23,6.3,36,4.6,26818
"2533",43,34,8.2,205,6.3,100738
"2534",47,31,8.7,23,5.9,36701
"2535",64,33,7.6,103,6.8,64607
"2536",43,35,6.7,48,6.2,62159
"2537",45,40,6.9,39,6.5,75543
"2538",26,34,1.9,56,5.3,19848
"2539",49,33,5.8,60,5.9,82426
"2540",32,25,4.5,42,4.6,13681
"2541",53,30,8,103,6.3,59912
"2542",47,38,6.3,19,6,19231
"2543",57,27,8.6,30,5.5,13640
"2544",41,29,8.3,91,4.1,26600
"2545",36,33,9,54,5.3,17039
"2546",15,18,5.4,96,5,7777
"2547",63,27,8.7,33,7.1,14106
"2548",64,29,8.8,304,7.1,178161
"2549",38,36,5.8,25,5.9,21632
"2550",45,30,8.1,152,6.6,189529
"2551",23,15,4.6,11,4.6,3448
"2552",46,17,3.5,113,4.8,37306
"2553",52,35,8.7,100,5.6,26081
"2554",59,35,8.4,68,6.3,58378
"2555",33,27,5.4,22,5.2,9431
"2556",24,27,3,71,5.5,53047
"2557",53,41,5.8,19,6.2,20608
"2558",38,18,2,27,5.8,14411
"2559",47,32,8.6,182,6.7,196744
"2560",33,36,3.4,14,5.2,11996
"2561",24,32,6.1,50,4.8,24505
"2562",33,26,8.9,136,4.5,21225
"2563",39,32,8.7,36,6,26106
"2564",33,32,5.2,19,5,21209
"2565",89,44,7.5,726,7.7,396494
"2566",31,30,2.1,45,4.8,29409
"2567",76,34,8.7,760,7.9,497208
"2568",40,34,8.5,145,7,51847
"2569",81,42,6.4,258,7.4,196282
"2570",46,26,NA,NA,5.7,5776
"2571",46,32,5.3,10,6.1,35420
"2572",15,14,5,12,3.7,2710
"2573",19,29,8.2,53,5.4,21822
"2574",33,24,6,61,5.9,26331
"2575",35,28,5.7,21,5.7,23181
"2576",33,29,3.8,15,5.4,15009
"2577",9,19,2,101,1.9,29448
"2578",31,24,6.5,15,5.1,20535
"2579",34,34,5.7,35,5,40542
"2580",37,29,1.8,61,5.8,18588
"2581",44,30,6.8,11,6.3,7792
"2582",70,38,8.7,338,7,131210
"2583",62,37,8.9,151,5.7,50258
"2584",36,29,7.6,44,4.2,12852
"2585",74,26,7.9,14,5.8,1533
"2586",42,36,1.8,33,4.9,17437
"2587",36,36,1.3,41,5.3,6675
"2588",64,38,8.6,348,6.9,209795
"2589",38,28,7.1,17,5.7,5374
"2590",45,28,8.4,56,5.7,27665
"2591",60,34,7.7,21,6.5,28824
"2592",37,23,8.2,42,5.2,7836
"2593",49,17,4.2,6,5,562
"2594",55,41,8.5,360,7.6,412592
"2595",19,37,3.7,174,3.9,49938
"2596",37,30,6.2,31,5.4,42522
"2597",48,28,7,113,6.8,92966
"2598",45,28,6.2,5,6.7,3662
"2599",38,36,6.5,85,5.8,104006
"2600",82,41,8.4,423,7.1,258898
"2601",47,41,4.7,693,6.8,435110
"2602",55,40,6.6,25,6.5,32378
"2603",38,32,8.1,60,6.9,37431
"2604",49,27,6.9,211,5.5,134045
"2605",64,32,6.9,68,5.7,32033
"2606",61,38,9.1,160,7.1,88634
"2607",69,43,8.7,1259,8.1,965609
"2608",52,35,7.7,33,6.8,45693
"2609",28,32,4.9,41,5.7,59177
"2610",6,14,2.5,32,3,2351
"2611",38,33,6.5,162,6.2,127129
"2612",42,34,8.8,558,7,247465
"2613",70,36,8.2,147,6.1,121014
"2614",57,30,5.4,100,4.2,52966
"2615",71,40,6.3,80,6.2,88593
"2616",63,35,7.9,91,6.5,55351
"2617",49,30,5.7,6,5.1,3989
"2618",63,40,8.8,971,8,994587
"2619",36,29,7.5,141,5.6,56664
"2620",90,38,8.7,987,8.1,918227
"2621",62,40,7.7,716,7.2,500972
"2622",46,35,7.5,282,6.8,362173
"2623",68,37,8.7,831,7.4,500266
"2624",81,39,7.9,219,7.1,210483
"2625",66,41,7.4,706,6.3,368860
"2626",38,34,4.1,521,6.6,224760
"2627",52,39,8.7,380,6.3,198967
"2628",39,31,6.3,24,5.6,34193
"2629",54,40,5.2,337,5.6,247110
"2630",38,36,7,505,5.9,243978
"2631",87,39,9,1652,8.7,1433508
"2632",72,43,7.2,54,7.3,64998
"2633",45,35,8.2,157,6,135280
"2634",68,37,8.7,315,7,334415
"2635",45,31,6.5,62,6.4,202294
"2636",43,34,6.8,122,6.3,189896
"2637",39,31,5.6,49,5.6,61937
"2638",42,35,8.1,677,5.3,203042
"2639",75,39,8.6,552,8.1,785124
"2640",48,39,5.5,87,4.9,118259
"2641",47,39,5.9,47,4.8,59607
"2642",37,29,8.5,428,5.7,107651
"2643",54,32,8.6,255,7.1,210095
"2644",71,28,7.8,143,7,74555
"2645",16,25,4.7,76,4.4,28498
"2646",30,36,5.6,115,5.8,163117
"2647",43,34,7.9,237,5.5,127188
"2648",85,40,7.5,135,7.1,120420
"2649",58,33,8.8,166,6.2,97997
"2650",67,40,8.9,148,7.4,64868
"2651",56,34,8.8,222,6.4,150506
"2652",28,27,5.7,39,5.5,66395
"2653",56,36,6.1,50,6.6,127331
"2654",64,34,8.9,388,7.3,219963
"2655",41,24,5.7,59,5,32112
"2656",38,24,4.4,38,5.4,14546
"2657",59,36,8.7,180,6.7,98967
"2658",38,25,3.6,384,6.2,147857
"2659",56,35,9.1,465,7,245602
"2660",73,39,7.7,443,7.6,365848
"2661",48,36,6.7,58,6.6,110413
"2662",72,39,7.6,346,7.5,392325
"2663",42,30,7.9,34,6.1,103450
"2664",56,28,6.9,41,5.5,34775
"2665",52,33,8.8,30,7.5,50801
"2666",80,40,8.7,193,7.5,121322
"2667",38,27,6,39,5.6,7431
"2668",44,32,7.6,14,5.5,17772
"2669",33,30,8,171,6.1,34219
"2670",61,38,8.8,216,7.3,121261
"2671",31,25,4.8,44,5.6,46349
"2672",41,27,6.5,37,5.8,57800
"2673",36,26,8.2,58,5.8,40538
"2674",43,25,8.5,95,5.1,18226
"2675",40,34,9.1,116,6.1,42622
"2676",35,38,5.1,79,5.5,87189
"2677",23,27,3.5,109,5,29642
"2678",66,36,7.7,76,6.6,102259
"2679",85,40,7.9,442,8.5,696986
"2680",45,32,5.6,43,5.3,82157
"2681",48,32,5.3,73,5.5,90491
"2682",47,36,9.2,94,5.3,35223
"2683",53,32,7.6,13,5.6,6637
"2684",51,32,7,115,6.2,143481
"2685",36,32,5.4,36,6.1,43957
"2686",34,33,7.7,42,6.5,57969
"2687",48,33,6.6,48,6.7,47553
"2688",19,28,2.8,61,3.4,36520
"2689",40,29,8.4,96,5.5,47004
"2690",62,23,7.6,27,6.1,6615
"2691",36,31,6.4,15,5.5,13386
"2692",38,30,3.5,44,5.3,38137
"2693",36,27,7.5,8,4.7,12514
"2694",37,31,7.7,52,5,20612
"2695",56,31,3,186,5.7,72526
"2696",46,32,6.6,15,5.7,16009
"2697",52,39,8.8,109,6.2,38610
"2698",31,36,6.8,79,7.6,105656
"2699",63,35,7.2,764,7.4,527877
"2700",83,40,8.2,235,7.7,171947
"2701",62,29,7.5,91,6.5,117065
"2702",81,40,7.3,40,7.2,25129
"2703",69,25,6.8,25,5.6,13825
"2704",46,25,5.6,7,6.1,6321
"2705",62,32,8.1,32,7.3,31932
"2706",63,28,6.2,15,5.8,32420
"2707",67,33,8.6,99,7,81527
"2708",27,30,1.2,104,5.2,24971
"2709",15,19,6.1,18,4.7,27763
"2710",27,29,5.9,40,5.6,16323
"2711",32,17,7.3,124,6.1,105659
"2712",32,35,8.4,33,5.6,12808
"2713",45,29,8.9,16,5.6,9094
"2714",30,29,6.2,29,6.4,15012
"2715",31,15,4.6,115,6.1,73896
"2716",59,35,8.8,43,6.7,32835
"2717",56,43,8,326,6.1,199898
"2718",29,22,5.3,62,5.5,87819
"2719",70,34,8.5,51,7.1,37712
"2720",15,15,1.4,135,2,35459
"2721",50,31,6.5,48,5.9,54174
"2722",57,37,8.4,21,6.6,20045
"2723",51,36,6.4,25,4.9,10825
"2724",18,28,3.2,44,4.9,29775
"2725",51,29,6.3,94,6.4,71807
"2726",66,33,8.3,31,7.9,8872
"2727",21,17,0.6,70,5.2,16689
"2728",44,28,4.7,9,5.6,4565
"2729",61,31,7.3,19,6.1,17250
"2730",18,37,1.9,136,2.5,45476
"2731",61,38,7.4,44,7.4,78483
"2732",30,24,8.8,79,6,11609
"2733",14,16,2.6,70,2.1,24636
"2734",46,38,8.1,20,5.3,21329
"2735",96,41,9,1698,8.6,612767
"2736",32,31,5.8,20,6.5,25816
"2737",60,30,8.3,181,7.2,97721
"2738",34,24,8.1,14,2.8,3706
"2739",37,34,5.3,48,5.9,80789
"2740",43,37,5.6,27,6.3,29101
"2741",NA,NA,NA,NA,5.6,48042
"2742",57,36,4.4,369,7.1,312030
"2743",51,24,NA,NA,6.7,825
"2744",38,27,5.5,11,6,7166
"2745",77,38,8.7,553,7.1,241884
"2746",45,35,7,42,6.2,99591
"2747",20,17,9.1,52,2.9,5003
"2748",11,15,4.1,41,4.4,7573
"2749",35,24,5.7,40,5.8,24909
"2750",28,25,6.3,160,5.5,90889
"2751",49,32,8.2,24,6.9,16283
"2752",59,36,7.4,386,6.7,329147
"2753",66,27,8.6,65,6.6,20661
"2754",58,20,7.3,15,6.4,3786
"2755",35,31,3.2,55,5.4,48102
"2756",23,27,4.6,65,5.4,21041
"2757",23,23,8.3,48,4.7,14312
"2758",31,16,8.7,88,4.8,12146
"2759",66,29,5.8,20,6.3,28763
"2760",42,14,7.5,120,6.6,79412
"2761",65,38,6.8,131,6.2,77593
"2762",30,27,1.9,144,5.4,77135
"2763",66,29,6.7,88,5.1,58488
"2764",58,28,5.9,8,6.5,8244
"2765",66,29,6.5,60,5.5,48622
"2766",17,14,2.7,28,4.5,5284
"2767",48,33,4.6,243,5.9,170648
"2768",51,27,8.2,341,6.8,279291
"2769",64,35,5.4,116,6.8,111610
"2770",73,38,8.6,1285,7.3,669405
"2771",54,39,6,1412,6.5,619247
"2772",62,34,6.7,140,6.2,191178
"2773",49,37,6.8,312,6.2,333609
"2774",60,31,8,348,7.5,427061
"2775",72,33,8.1,414,8.2,817851
"2776",35,31,5.7,167,5.1,94655
"2777",92,34,9.1,2038,8.8,1600279
"2778",73,30,8.4,188,7.2,161340
"2779",80,37,7.1,423,7.6,492885
"2780",24,33,5.4,98,5.8,132479
"2781",68,38,7.5,441,7.9,494476
"2782",45,35,5.9,47,6.4,100416
"2783",74,33,7.9,290,7.7,354889
"2784",72,36,8.7,339,7.7,240151
"2785",65,36,8.6,393,6.8,249492
"2786",60,36,8.6,319,7.2,242832
"2787",45,30,5.5,90,5.5,127633
"2788",52,28,8.7,480,6.7,194716
"2789",29,26,6.3,32,5.2,24644
"2790",65,37,7,89,7.2,126703
"2791",72,31,8.1,31,6.9,31333
"2792",52,29,8.1,106,7.1,62393
"2793",30,33,6.6,73,7.1,120146
"2794",48,35,5.4,14,6.1,17715
"2795",78,37,8.4,500,7.2,265200
"2796",69,36,9,152,6.4,65521
"2797",42,33,6.7,54,6,116454
"2798",61,33,8.8,207,7.8,125627
"2799",63,34,7.9,66,6.7,77381
"2800",47,27,5.9,28,5.3,18414
"2801",74,35,8.7,505,7.7,498565
"2802",49,26,6.3,27,5.8,17753
"2803",36,24,8.3,94,5.4,34136
"2804",76,34,7.9,303,7.6,258160
"2805",39,30,6.1,82,6.2,123522
"2806",48,33,6.7,16,6.4,37642
"2807",75,38,7.5,98,7,167524
"2808",35,26,8.1,230,7.4,194784
"2809",48,28,7.2,35,6.2,46138
"2810",51,35,6,36,6.1,64149
"2811",90,34,7.3,154,7.2,77822
"2812",61,33,4.5,37,5.6,29413
"2813",12,24,2.4,130,3.3,21760
"2814",28,33,6.8,107,7.7,140204
"2815",33,24,6.7,383,6.7,241349
"2816",33,34,7.5,69,5.5,70629
"2817",25,32,6.6,52,5.8,38256
"2818",69,30,8.4,57,5.8,32843
"2819",32,34,4,46,5.5,59545
"2820",53,33,7.6,105,5.6,69235
"2821",27,31,6.4,82,3.5,37857
"2822",40,24,6.4,19,5.2,13094
"2823",52,32,8.5,98,6.4,73664
"2824",91,30,8.3,463,7.8,357548
"2825",65,21,6.4,85,6,29741
"2826",58,35,6.7,44,6.7,58053
"2827",86,31,7.5,74,7.4,36535
"2828",45,33,8,433,6.9,242189
"2829",50,35,7.3,50,6.2,51742
"2830",69,32,3.9,100,7,80777
"2831",19,17,2.7,169,4,36136
"2832",30,31,7.8,130,5.3,51358
"2833",25,33,5.9,19,6.1,36033
"2834",48,33,9.3,33,5.6,14186
"2835",37,33,8.3,86,5.6,44052
"2836",44,27,8.6,211,6.4,77162
"2837",24,23,8.3,73,5.9,32960
"2838",64,36,7.8,833,7.6,613388
"2839",29,19,2.3,71,5.1,18619
"2840",50,23,6.7,9,5.3,6299
"2841",64,34,8.1,68,6.4,40965
"2842",34,26,6.6,9,5.9,12358
"2843",32,30,5.9,29,5.2,53765
"2844",50,34,9.3,51,6.1,23811
"2845",65,39,6.7,66,6.8,91130
"2846",26,24,6.6,62,6.4,101397
"2847",40,23,NA,NA,5.4,1616
"2848",49,32,5.7,30,6.3,49922
"2849",14,28,1.5,55,3.1,25211
"2850",48,24,7.7,108,7.1,94150
"2851",79,35,8.7,610,8,786322
"2852",49,32,7.6,19,6.5,31952
"2853",78,37,8,260,7.3,141985
"2854",53,32,8.4,124,5.4,51638
"2855",37,21,5.3,9,4.1,4904
"2856",18,26,2.4,30,5.4,16446
"2857",61,35,7.6,13,7.1,29074
"2858",14,14,8.6,371,6.2,42748
"2859",25,31,6.8,31,4.6,10586
"2860",31,32,4.3,24,5.8,22616
"2861",19,26,2.4,99,3.7,18813
"2862",25,25,1.4,32,5.2,12324
"2863",71,35,7.3,43,6.4,42352
"2864",47,23,6.1,37,6,6295
"2865",24,25,5,14,4.6,6045
"2866",16,20,5.8,245,3.4,19515
"2867",25,23,6.2,150,4.4,48836
"2868",64,32,8.9,214,7.2,74218
"2869",29,21,4.8,81,6.3,51988
"2870",58,29,6.4,21,6.2,28158
"2871",27,30,7.5,56,6.9,51339
"2872",30,26,1.4,106,6.1,22025
"2873",65,25,6.9,50,6.6,9052
"2874",36,26,5,13,4.9,9073
"2875",25,20,6.6,7,5.5,13541
"2876",52,34,7.3,15,6.3,12605
"2877",49,38,8.8,178,6.1,57931
"2878",49,29,6.2,61,6.4,97007
"2879",38,30,7.2,36,6.4,38143
"2880",42,21,7.8,18,5.5,9785
"2881",32,22,6.3,76,5.7,94358
"2882",47,32,9.1,29,6.5,19449
"2883",42,15,8.5,21,6.2,22305
"2884",73,38,8.6,1285,7.3,669415
"2885",59,30,5.8,33,6.2,32893
"2886",50,30,5.4,44,6.7,48657
"2887",33,26,7.6,12,6.2,22238
"2888",16,21,8.6,59,5.7,6871
"2889",55,35,6.1,8,4.7,9767
"2890",12,28,3.8,41,5.4,13583
"2891",23,29,2.4,63,6.3,47022
"2892",51,32,8.9,44,6.1,23902
"2893",46,37,6.5,21,6.6,25269
"2894",12,12,5,51,3.8,23974
"2895",48,33,5.4,86,5.9,124648
"2896",32,26,8.7,116,4.9,37123
"2897",63,29,7.4,67,7.1,141361
"2898",29,27,8.6,42,5.6,23932
"2899",20,23,7.8,66,4.7,12299
"2900",66,35,8.5,454,7.6,260816
"2901",22,15,7.4,38,6.3,16470
"2902",40,19,7.2,27,5.4,7200
"2903",50,34,4.8,220,5.7,206589
"2904",60,32,8.2,80,6.5,64213
"2905",48,25,2.7,87,6.4,27492
"2906",18,15,5.4,10,4.8,6511
"2907",54,32,5.3,119,6.8,143661
"2908",38,32,8.5,47,6.3,47511
"2909",52,27,8.2,118,6.3,123478
"2910",61,31,6.5,223,6.5,240620
"2911",49,31,7,128,7.4,172079
"2912",52,33,8.7,68,6.9,101374
"2913",84,34,8.8,870,7.8,594154
"2914",48,28,8.4,231,6.6,194606
"2915",48,31,3.4,422,6.3,294261
"2916",44,35,5.6,230,6.2,304565
"2917",42,30,6.2,435,5.9,287647
"2918",57,36,7.1,231,6.8,247142
"2919",43,28,5.5,196,6.4,234232
"2920",58,34,7.8,457,6.8,337195
"2921",33,31,5.9,230,5.8,193515
"2922",86,34,8.9,306,7.6,191646
"2923",73,32,7.1,394,7.8,503529
"2924",94,32,8.1,604,7.8,247821
"2925",49,28,5.9,36,4.7,40893
"2926",71,27,8.1,186,5.5,105161
"2927",74,29,8.7,363,7.6,327357
"2928",59,32,7.1,115,6.3,176936
"2929",44,32,5.8,29,5.7,53674
"2930",47,26,5.9,98,5.1,55114
"2931",53,24,7.7,115,6.2,55828
"2932",52,29,7.4,156,6.9,99610
"2933",65,32,6.7,369,7.2,284252
"2934",69,35,8.9,387,7.7,376242
"2935",42,31,6.4,60,6.4,73507
"2936",47,33,7.4,153,6.4,187146
"2937",66,33,8.3,185,6.7,217802
"2938",29,25,5.6,191,5.3,145656
"2939",71,29,8.1,108,6.8,117916
"2940",32,33,7.3,189,6.5,173091
"2941",64,31,7.3,110,7.2,174050
"2942",43,35,8.5,107,6.1,100924
"2943",43,20,4.4,180,6.2,180538
"2944",32,28,8.8,93,5.5,21240
"2945",33,29,4.5,47,5.3,73890
"2946",43,22,4.1,30,4.8,55853
"2947",52,26,8.6,144,6.4,106476
"2948",56,36,6.9,143,6.9,164837
"2949",52,34,8.7,232,7.6,234165
"2950",39,9,7.9,51,5.6,31402
"2951",53,33,7,121,7.6,235730
"2952",62,27,8.5,95,7.3,80993
"2953",69,30,7.8,218,7.7,275924
"2954",25,21,7.1,73,5.9,87303
"2955",30,24,4.8,293,5.6,77080
"2956",47,32,8.7,107,6.2,50360
"2957",40,32,6.3,83,6.1,117122
"2958",49,24,4.6,200,6.2,107427
"2959",70,28,8.5,205,7.3,172634
"2960",58,26,8.2,103,6.6,59707
"2961",43,20,7.5,25,6.6,9122
"2962",42,28,8.7,191,6.8,100517
"2963",67,31,7.5,28,7.3,52581
"2964",24,23,6.4,21,5.4,8552
"2965",29,26,5.4,38,4.6,38647
"2966",37,28,6.3,8,5.5,14660
"2967",49,28,6.2,134,6.4,79272
"2968",55,31,8.8,522,8.3,758542
"2969",43,31,7.6,13,6.5,26133
"2970",51,31,8.5,234,6.8,146174
"2971",25,22,8.6,33,5.5,7947
"2972",55,26,7.4,10,6.4,12460
"2973",50,23,7.5,4,6.4,4060
"2974",32,30,8.5,37,6.1,22939
"2975",20,26,6.5,122,6,49920
"2976",27,23,5.7,10,4.9,13885
"2977",37,23,5.6,19,4.8,23025
"2978",36,33,7.5,17,5.9,32324
"2979",27,30,8.2,83,6.7,83505
"2980",34,32,6.1,36,6.1,47629
"2981",55,30,7.9,29,6.9,35289
"2982",39,28,4.1,57,5.6,22061
"2983",66,33,9.2,129,6.5,32495
"2984",48,26,6.9,10,5.6,2026
"2985",35,21,7.7,9,6.2,6102
"2986",75,31,8.6,143,6.6,62466
"2987",18,17,8.5,175,4.8,24400
"2988",21,25,2.8,33,5.1,14877
"2989",71,33,6.7,33,6.8,52005
"2990",48,29,6.1,38,5.9,57299
"2991",22,29,6.7,51,5.9,37889
"2992",43,32,7.6,30,7,68690
"2993",34,17,2,65,5.8,31436
"2994",NA,NA,NA,NA,5.8,12613
"2995",54,32,6.2,20,6.3,40081
"2996",61,26,8.4,66,6.5,23495
"2997",33,24,7.8,46,6.1,52637
"2998",53,26,2.8,36,6.1,18956
"2999",21,30,3.2,94,6,42955
"3000",45,32,7.6,26,7.5,42315
"3001",79,28,8.8,45,7.5,15067
"3002",26,14,8.9,206,4.9,31385
"3003",47,29,8.6,43,5.4,21157
"3004",13,25,5.9,157,4.6,45142
"3005",30,17,6,136,5.5,132151
"3006",57,28,6.1,58,6.3,31407
"3007",15,19,2.1,64,5.4,17196
"3008",25,26,6.3,13,6,13639
"3009",48,17,9,20,5.7,13247
"3010",62,29,8.7,131,6.6,61789
"3011",52,14,8.2,34,5.7,17604
"3012",31,29,8.7,122,6.1,28013
"3013",27,25,4.6,14,5.5,13571
"3014",35,24,5.1,65,4.9,33733
"3015",55,29,6.6,16,5.8,12705
"3016",35,26,5,66,4.9,49888
"3017",46,29,6.5,195,6.2,196618
"3018",52,31,6.5,20,6.7,36984
"3019",42,21,7.5,10,4.1,6465
"3020",35,12,4.5,118,5.3,8194
"3021",34,26,5.1,8,4.5,4601
"3022",46,32,7.2,12,6.1,28023
"3023",62,25,6.3,39,6.1,10835
"3024",21,29,2,52,5,12411
"3025",62,31,8.4,579,7.3,376469
"3026",40,28,8.6,62,4.7,16360
"3027",73,33,8.9,438,7,303316
"3028",41,21,8.1,55,5.6,29472
"3029",38,25,7.8,18,5.8,17943
"3030",45,29,6.8,28,6.2,54069
"3031",34,23,6.3,12,4.2,3947
"3032",14,23,3.7,103,2.2,21182
"3033",22,12,4.5,30,4.5,8829
"3034",31,19,8.2,68,5.3,13209
"3035",20,11,6.2,40,3.9,8136
"3036",52,34,8.7,363,5.5,171977
"3037",48,32,8.5,126,7.8,191994
"3038",56,30,7.9,41,7.2,104558
"3039",14,25,4.9,62,3.6,31445
"3040",67,46,8.9,899,8.5,1291450
"3041",38,29,6.6,171,5.3,95485
"3042",90,38,6.8,377,7.9,244589
"3043",40,34,8.5,149,7.2,110448
"3044",49,34,7.6,93,6,94350
"3045",73,35,6.2,49,6.4,71659
"3046",49,30,4.4,188,5.9,114149
"3047",34,27,8.4,115,5.7,54235
"3048",47,35,8.9,63,6.7,52342
"3049",52,31,8.2,58,5.7,19711
"3050",59,27,7.2,64,7.2,33947
"3051",73,36,8.1,43,7.3,60161
"3052",51,35,6.9,62,6.6,114947
"3053",59,35,6.9,24,6.9,22312
"3054",52,31,4.2,91,6,84616
"3055",38,34,5.8,36,4.4,47340
"3056",59,40,7.9,588,6.1,304842
"3057",59,36,6,76,6.4,152403
"3058",64,33,7.8,661,7.4,557639
"3059",48,32,3.8,479,6.2,225819
"3060",56,32,7.3,84,6.5,51192
"3061",73,36,8.5,142,7.3,168453
"3062",33,27,6.6,68,5.2,79203
"3063",63,35,6.8,140,7.2,248137
"3064",88,34,8.2,319,7,172090
"3065",35,34,8.6,294,6.5,254721
"3066",49,35,7.5,125,6.6,217319
"3067",56,32,8.6,508,5.6,119891
"3068",62,35,6.8,46,6.6,74863
"3069",24,35,3.6,270,5.8,120350
"3070",61,32,6.6,94,5.9,122017
"3071",50,33,8.1,81,5.9,71954
"3072",61,36,8.4,538,8.6,1094901
"3073",45,32,6.5,33,6.1,39389
"3074",55,32,4.9,99,6.4,154079
"3075",45,31,6.6,16,6.4,43405
"3076",40,32,8.9,300,6.3,93053
"3077",34,36,6.2,61,5.7,68993
"3078",27,29,5.8,53,5.7,104323
"3079",34,22,8.8,59,5.1,11256
"3080",84,34,9,1035,8.3,1038976
"3081",41,25,6.2,39,6.2,35621
"3082",47,32,8.6,193,6.7,107502
"3083",77,30,8.8,195,6.6,116523
"3084",52,27,7.7,58,6.1,65437
"3085",75,32,8.7,112,7.4,91067
"3086",36,28,8.7,567,6.7,222551
"3087",76,35,8.9,330,7.4,175536
"3088",70,28,8.5,173,7.3,144038
"3089",51,29,7.2,106,6.9,80917
"3090",74,30,7.5,49,7.6,89317
"3091",88,34,8.8,785,7.9,508953
"3092",53,23,6.9,24,6.3,16638
"3093",67,32,8.8,176,7.3,98466
"3094",30,32,8.6,81,6.6,56693
"3095",28,20,7.4,91,6.1,20132
"3096",52,33,6.7,72,6.9,109832
"3097",43,34,8.2,215,6.7,217264
"3098",81,21,8.8,407,8,350698
"3099",49,29,8.5,289,7.1,220837
"3100",76,31,6.6,7,6.9,5253
"3101",24,21,7.5,35,5.7,24309
"3102",46,26,6,42,6,43077
"3103",60,31,8.4,86,6.3,49058
"3104",33,30,6.5,15,4.9,11604
"3105",27,26,4.3,26,3.6,20864
"3106",24,24,7.1,21,5.6,30374
"3107",61,26,7.9,22,7,18922
"3108",30,28,5.8,23,6.8,31119
"3109",54,33,8.5,14,6.9,19190
"3110",30,23,8.5,41,5.7,28059
"3111",17,27,1.4,143,5.1,13639
"3112",22,28,1.2,80,5.3,25239
"3113",51,32,7.3,98,7.3,158198
"3114",70,28,8.2,62,7.2,17702
"3115",79,35,8.5,153,7.5,164098
"3116",15,34,3.3,80,3.9,34980
"3117",36,30,5.7,27,4.2,18981
"3118",69,34,1,119,6.1,32463
"3119",42,31,7.5,94,6.9,107232
"3120",30,26,6.4,144,5.7,69045
"3121",37,33,1.4,144,5.8,36740
"3122",48,30,8.6,137,6.6,57742
"3123",29,26,7,66,5.4,15672
"3124",77,34,4.6,596,8,281855
"3125",9,33,2,300,2.5,74733
"3126",16,25,2.8,63,4.3,15601
"3127",13,21,5.4,27,5,14071
"3128",56,32,6.8,22,6.7,35052
"3129",44,30,8.7,278,6.7,159838
"3130",64,35,8.9,685,8.1,885328
"3131",69,32,6.6,35,6.7,36013
"3132",52,33,4.8,42,6.7,18460
"3133",63,34,2.3,98,7,47992
"3134",16,29,1.1,73,4.8,10277
"3135",29,26,1.8,53,5.1,14294
"3136",19,23,5.6,27,4,3606
"3137",35,29,8.7,189,5.3,26081
"3138",25,32,7.1,10,5.7,12938
"3139",39,28,1.1,77,5.8,10338
"3140",64,35,8.7,856,7.6,464915
"3141",24,20,5.4,45,5.2,31881
"3142",58,34,7,81,7.4,121215
"3143",44,31,6.1,13,6.7,13486
"3144",19,19,5.3,30,4.9,16784
"3145",22,23,4.9,30,5.2,12197
"3146",45,24,8.8,33,5.7,9314
"3147",64,35,8,73,4.6,17378
"3148",37,28,NA,NA,5.6,4433
"3149",54,32,7,21,7.3,19708
"3150",21,16,5.9,27,4.6,18998
"3151",23,26,8.6,84,5.4,13319
"3152",62,32,7.1,20,6.9,17237
"3153",74,27,8.9,73,7.6,41873
"3154",57,38,6.4,107,6.4,183568
"3155",25,24,8.8,32,5.2,8158
"3156",31,30,4.5,41,5,9680
"3157",41,23,7,35,6.1,7239
"3158",11,16,4.4,9,4.8,3071
"3159",20,17,7,79,6.1,6635
"3160",65,32,7.6,14,7.1,20839
"3161",65,35,8.8,532,7.3,319441
"3162",20,22,6.6,12,5.5,9550
"3163",32,33,2.3,12,5.5,11301
"3164",7,13,8.2,89,5.8,8138
"3165",33,30,7.2,13,5.7,4273
"3166",41,32,2.2,78,5.6,8950
"3167",49,30,2.2,80,6.7,31120
"3168",49,31,NA,NA,6.2,5519
"3169",14,16,2.4,36,4.7,4200
"3170",47,27,6,4,4.9,5484
"3171",31,21,1,115,5.9,14156
"3172",41,31,8.5,22,5.3,9828
"3173",33,33,8.5,151,5.8,103590
"3174",90,36,8.9,502,7.7,299894
"3175",21,17,5.3,7,5.2,3402
"3176",10,26,2,61,4.6,3879
"3177",32,25,8,5,6.3,778
"3178",23,28,2,5,5.6,3610
"3179",84,34,8.7,146,7.8,155579
"3180",45,33,5.4,88,6.7,149407
"3181",34,34,NA,NA,5.4,2233
"3182",40,30,4.2,64,6.5,69764
"3183",62,36,8.8,330,7.3,204377
"3184",35,25,7.6,170,6.3,38803
"3185",82,34,8.7,282,7.1,157247
"3186",18,16,1.8,18,4.2,1129
"3187",46,26,8.6,135,6.3,72619
"3188",51,36,6.1,1653,6.5,706200
"3189",66,35,9,1822,8.8,1786076
"3190",61,30,7.3,6,6.8,8945
"3191",59,33,7.1,9,6.2,16568
"3192",42,28,1.7,50,5.2,17588
"3193",31,26,8.3,68,5,16348
"3194",28,17,2.4,384,5.6,52129
"3195",70,34,4.2,120,6.8,61822
"3196",39,33,7.9,64,5.5,90472
"3197",79,27,7.8,207,7.3,195640
"3198",54,33,8.8,27,6.8,11652
"3199",54,33,6.8,24,6.4,62948
"3200",NA,NA,NA,NA,NA,NA
